root_id,root_888,supervoxel_id,position,neurotransmitter_predicted,cell_type,volume_nm3
720575941689707020,720575941689707020,77195062588912754,"151262, 18193, 1942",gaba,DNc01,610364181760
720575941521330904,720575941354281776,75576650124933358,"103556,18615,1747",serotonin,DNc01,NA
720575941478599454,720575941478599454,76914068581953603,"142682, 30950, 1788",acetylcholine,il3LN6,423850568704
720575941591148343,720575941591148343,75788649442373602,"110442, 46796, 570",gaba,il3LN6,332990150144
720575941498585472,720575941493564647,74521531816057007,"72445, 32099, 3611",gaba,Li31,302603369216
720575941551917940,720575941440304172,76703100660186885,"137091, 36531, 4926",dopamine,DNpe053,247298741504
720575941597051761,720575941597051761,76562363037702788,"132312, 36495, 4461",dopamine,DNpe053,193236174080
720575941653756145,720575941653756145,75506281582666126,"102242, 20357, 2518",gaba,lLN2F_b,242202149376
720575941613506989,720575941613506989,76562018970661770,"132370, 24881, 2697",gaba,lLN2F_b,237746949376
720575941585819999,720575941585819999,76984025411215907,"144293, 19744, 3106",gaba,lLN2F_b,231883895040
720575941596694823,720575941596694823,75647087790309048,"106005, 22040, 2440",gaba,lLN2F_b,186580758784
720575941472733451,720575941472733451,75295725575341909,"96136, 36081, 4176",serotonin,DNp32,240896409344
720575941645363045,720575941524069111,77055081551665527,"145575, 40579, 3927",serotonin,DNp32,NA
720575941500212603,720575941500212603,78814162516336350,"197780, 35972, 3324",glutamate,cML01,236479358720
720575941556320154,720575941473270283,74381000083869729,"68996,37046,2218",glutamate,cML01,NA
720575941689154828,720575941689154828,75795247586155136,"109136, 242176, 4749",dopamine,INXXX917_f,232341680384
720575941506971452,720575941506971452,76708392261502003,"135620, 193265, 5804",dopamine,INXXX917_f,110829607936
720575941394649238,720575941394649238,76495705011029604,"129574, 146380, 3942",octopamine,INXXX917_f,84916769024
720575941477342001,720575941477342001,76356410564654150,"124946, 188651, 3719",serotonin,INXXX917_f,84670145536
720575941438418476,720575941438418476,76005529185242247,"115125, 219028, 4860",dopamine,INXXX917_f,75179645952
720575941664273208,720575941664273208,75576581808388708,"103416, 18012, 3185",gaba,Li33,201380564224
720575941517370883,720575941453611898,74521875212642290,"72658, 41817, 3037",gaba,Li33,NA
720575941518025306,720575941528443417,75365818972200331,"97502, 26960, 2518",gaba,Li33,NA
720575941627819372,720575941627819372,76140493230889016,"119824, 45520, 1012",octopamine,OA-VUMa6,196994590464
720575941619293909,720575941586754526,76140837163768114,"119697, 56088, 2256",octopamine,OA-VUMa6,104309737216
720575941507745826,720575941507745826,76848235725151172,"140278, 167187, 3089",serotonin,ANXXX005,188371167488
720575941596085105,720575941596085105,76637060639644231,"134104, 164841, 2807",serotonin,ANXXX005,95850829056
720575941476510762,720575941393242628,76212443059856089,"121591, 92500, 3058",serotonin,DNp30,184786015232
720575941565932178,720575941499964385,76071705571289937,"117052, 92500, 2972",serotonin,DNp30,NA
720575941507526213,720575941507526213,76567860998779615,"132546, 199355, 6082",octopamine,EAXXX079,179902831104
720575941400967459,720575941400967459,76071705503967968,"117612, 92500, 2650",octopamine,EAXXX079,159931992832
720575941472725771,720575941472725771,76843425227617564,"139821, 23980, 2589",acetylcholine,lLN2F_a,179534137344
720575941519202732,720575941519202732,75365612746351368,"98245, 21800, 2137",acetylcholine,lLN2F_a,170798329856
720575941474918442,720575941474918442,76843425160904865,"139829, 23807, 2486",acetylcholine,lLN2F_a,155448473088
720575941508123708,720575941606127550,75506281582691395,"100742, 19279, 2530",acetylcholine,lLN2F_a,NA
720575941394637316,720575941558647204,75295587935484969,"94604, 31260, 3554",glutamate,AVLP016,177245474304
720575941705099738,720575941536626264,77547319163836009,"160047, 28694, 4038",glutamate,AVLP016,138541874944
720575941523226035,720575941550762785,77687919146135328,"165281, 25313, 3783",gaba,AVLP079,177015933440
720575941591634231,720575941439896620,74802800567713772,"80380, 26340, 3527",NA,AVLP079,NA
720575941509060421,720575941496349310,74591831841072144,"75420, 29234, 3732",NA,AVLP079,NA
720575941537710824,720575941537710824,76070262126543414,"117043, 50726, 1614",gaba,DNg98,177015740672
720575941480510314,720575941557552356,76070468218299427,"118106, 55429, 1510",gaba,DNg98,151001040384
720575941612504297,720575941612504297,76285148534587310,"123702, 163141, 4033",acetylcholine,AN19B001_b,175433117440
720575941508609665,720575941508609665,76496254766884752,"130873, 163437, 3942",acetylcholine,AN19B001_b,144476090368
720575941537246442,720575941405860208,75013975452290151,"86453, 27598, 3139",gaba,AVLP080,172344545024
720575941619267029,720575941563074605,77406444101980141,"156938, 25534, 3418",gaba,AVLP080,NA
720575941432123640,720575941432123640,75647843771376637,"104639, 43028, 2596",acetylcholine,DNa01,171821532416
720575941535862506,720575941535862506,76562981043285770,"132891, 53627, 2657",acetylcholine,DNa01,50612688384
720575941522991287,720575941619021269,76281162603406465,"123248, 44096, 3219",dopamine,DNc02,168876993024
720575941568070710,720575941598158469,76210656755903865,"122173, 40736, 4504",acetylcholine,DNc02,NA
720575941614432409,720575941614432409,76282811736605449,"123404, 92500, 2742",dopamine,DNge047,165810701312
720575941551909949,720575941477713770,76070674577438730,"118048, 62557, 2052",dopamine,DNge047,104240037632
720575941439824402,720575941439824402,75295244069572020,"95212, 21592, 2498",acetylcholine,lLN2T_b,163781314048
720575941599261340,720575941599261340,76843425160704763,"141024, 23625, 2417",acetylcholine,lLN2T_b,157634520832
720575941628446521,720575941628446521,77195131509519515,"150019, 18892, 2591",acetylcholine,lLN2T_b,137210242560
720575941568333102,720575941568333102,76843425227795975,"140983, 24246, 2654",gaba,lLN2T_b,115348494848
720575941416243860,720575941597223025,75647087790348822,"106125, 21616, 2459",acetylcholine,lLN2T_b,NA
720575941482015171,720575941482015171,75932892295130510,"114021, 150455, 3140",glutamate,IN21A002,162311138560
720575941646668488,720575941646668488,76076241861688308,"118648, 228776, 5897",glutamate,IN21A002,57451163136
720575941653995481,720575941653995481,77270104929024535,"153166,157230,4599",glutamate,IN21A002,36390494208
720575941481960131,720575941481960131,75652448245060339,"106450, 181683, 3744",glutamate,IN21A002,31515992832
720575941508463826,720575941508463826,75442647884237968,"100296, 219987, 4605",glutamate,IN21A002,30284739840
720575941548073864,720575941548073864,76919223414766163,"141649, 185524, 5014",glutamate,IN21A002,28053395200
720575941639365749,720575941639365749,76425954607792232,"127339, 165158, 3365",gaba,IN06B001,159906047232
720575941619905151,720575941619905151,76145510691909011,"118902, 195921, 4474",gaba,IN06B001,123569932544
720575941509851426,720575941509851426,78040037342377457,"174377, 34303, 2286",gaba,Pm12,159203084800
720575941492480974,720575941492480974,74451437480063716,"70370, 40075, 1831",gaba,Pm12,102025757440
720575941493069774,720575941660597272,78180774830361024,"179630, 34774, 2152",gaba,Pm12,NA
720575941627969900,720575941627969900,74310631339734660,"66395, 37370, 2231",gaba,Pm12,NA
720575941443858383,720575941544156508,74310631339601544,"66621, 37747, 2179",gaba,Pm12,NA
720575941395392918,720575941626500746,76211068401767641,"121922, 51953, 1964",acetylcholine,DNg100,155092940288
720575941500851362,720575941500851362,76848648780592061,"139345, 178984, 6033",acetylcholine,DNg100,112396140288
720575941575052872,720575941575052872,76703443720625152,"136787, 46170, 2856",acetylcholine,cMLLP01,154112566272
720575941537855754,720575941704842458,75647912491376734,"104557, 46916, 2764",acetylcholine,cMLLP01,NA
720575941352918576,720575941352918576,76211068334264392,"121379, 52628, 1559",gaba,DNg70,153095603456
720575941478429802,720575941478429802,76070262126519866,"117194, 50738, 1604",gaba,DNg70,94966370304
720575941505224498,720575941505224498,76495979889238952,"130450, 154062, 4047",dopamine,INXXX888_f,151201000960
720575941597040421,720575941615559955,76496048541370023,"129714, 155978, 3697",dopamine,INXXX888_f,NA
720575941505601623,720575941505601623,78391812209486061,"185575, 31564, 1748",gaba,Sm40,148378351616
720575941564887720,720575941568007478,74029087509029347,"59238, 34971, 1604",gaba,Sm40,NA
720575941567152738,720575941671636657,74451368760894851,"71440, 38480, 1937",gaba,Sm40,NA
720575941517986650,720575941503914123,74451368760814240,"70016, 37552, 1907",gaba,Sm40,NA
720575941480512362,720575941539183331,76984299886607295,"145002, 28267, 1610",octopamine,v2LN30,148117645824
720575941479102004,720575941492598476,75787962717395479,"109107, 26574, 2363",glutamate,v2LN30,NA
720575941562932781,720575941562932781,75930280619401456,"114612, 71951, 1952",glutamate,DNd02,146764810496
720575941473201783,720575941662395704,76777454597288358,"138683, 154844, 2946",glutamate,DNd02,NA
720575941517385306,720575941517385306,76005460532517031,"116113, 215306, 4996",gaba,AN05B009,145319168768
720575941618680533,720575941618680533,75724398074132228,"106859, 229049, 5805",gaba,AN05B009,91827536128
720575941530979204,720575941483616963,75864860550442486,"110752, 220092, 5324",gaba,AN05B009,NA
720575941465534733,720575941625363452,75928425596145718,"113232, 18234, 3344",gaba,oviIN,144112417536
720575941473367051,720575941614407900,76421556360300238,"127344, 33560, 2728",gaba,oviIN,NA
720575941593715569,720575941593715569,76143860954530669,"119885, 145953, 2620",gaba,pleural_remotor_and_abductor_miller_29,143853734144
720575941691007896,720575941691007896,75792017435372261,"108946, 145985, 3545",acetylcholine,pleural_remotor_and_abductor_miller_29,35455666688
720575941454221127,720575941454221127,75787825345845091,"110112, 21208, 2724",acetylcholine,lLN2T_c,143844817664
720575941537986275,720575941537986275,75435775533722357,"100285, 15147, 3061",acetylcholine,lLN2T_c,134934066432
720575941575336776,720575941515922179,76772987764454945,"139042, 22144, 2774",acetylcholine,lLN2T_c,NA
720575941418489884,720575941394900886,76843356508514452,"140502, 21518, 2727",acetylcholine,lLN2T_c,NA
720575941514619601,720575941514619601,76707154841197740,"136315, 157597, 4036",gaba,AN06B009,143261839872
720575941671865521,720575941539327474,76566486005107503,"132183, 158551, 3733",gaba,AN06B009,131528379904
720575941474101344,720575941474101344,76496735602002016,"130000, 176960, 3229",glutamate,AN02A002,139823199488
720575941641042549,720575941483106243,76496735602185248,"130402, 177130, 3292",glutamate,AN02A002,NA
720575941620273535,720575941620273535,76914343392169813,"142792, 40621, 1350",glutamate,DNd03,139496953600
720575941625621500,720575941625621500,75506899789065380,"101749, 38796, 1317",glutamate,DNd03,138886805504
720575941559176942,720575941559176942,75999756211743498,"115131, 45069, 2718",glutamate,DNb04,139299775488
720575941438465298,720575941438465298,76351737371893016,"126595, 49183, 2808",glutamate,DNb04,134667463936
720575941432949129,720575941627128010,75998725956874544,"115021, 15953, 4796",dopamine,SMP048,138970287360
720575941437098894,720575941470642141,76421007208396123,"127867, 17949, 5010",acetylcholine,SMP048,NA
720575941500947017,720575941618693845,75724398006910057,"106552, 228434, 5511",gaba,AN01B002,138770124288
720575941446297514,720575941446297514,76146403977982172,"119242, 222784, 4219",gaba,AN01B002,108907741440
720575941408856879,720575941408856879,75583591798781039,"103208, 225322, 5395",gaba,AN01B002,103725743104
720575941602034473,720575941602034473,76357304118750132,"125362, 215126, 4543",gaba,AN01B002,79615047424
720575941578509401,720575941578509401,75372760444204088,"97096, 234777, 5413",gaba,AN01B002,78670272256
720575941481244128,720575941481244128,76145373051960575,"120641, 192224, 3834",gaba,AN01B002,78492823808
720575941416258452,720575941542469724,76005529184877804,"116187, 218883, 4728",gaba,AN01B002,77746734848
720575941535620018,720575941535620018,76913725252318774,"142406, 21926, 2586",acetylcholine,lLN2T_e,138394087680
720575941496984448,720575941496984448,75647087790462519,"105607, 21361, 2498",acetylcholine,lLN2T_e,135242322944
720575941581806325,720575941477854785,75717525253966850,"107312, 22770, 2442",acetylcholine,lLN2T_e,119633957888
720575941577599592,720575941577599592,76913725252463758,"143272, 21130, 2641",acetylcholine,lLN2T_e,116383925248
720575941433344398,720575941433344398,75787825345576718,"109254, 21629, 2621",acetylcholine,lLN2T_e,50768067328
720575941690578294,720575941520427948,77899162884584682,"170367, 29567, 4001",gaba,AVLP001,137512197888
720575941528740610,720575941688947183,74943537921369306,"85503, 25563, 2844",gaba,AVLP076,137346830848
720575941490922697,720575941490922697,74662131597209676,"77776,27388,2641",acetylcholine,AVLP076,1952363008
720575941443252315,720575941506075842,77758219103196381,"166393, 24321, 3347",gaba,AVLP076,NA
720575941459823519,720575941459823519,76281643170300846,"124662, 58385, 1512",gaba,DNge104,135414279936
720575941479150644,720575941509305182,76000236979673512,"115209, 60076, 1579",gaba,DNge104,134676616704
720575941496984704,720575941496984704,76421212829643673,"127675, 22683, 2845",acetylcholine,lLN2X03,132999007488
720575941527668482,720575941527668482,76843425160867471,"140841, 23638, 2475",acetylcholine,lLN2X03,112334142976
720575941604964030,720575941604964030,75717456534346052,"107819, 22037, 2396",acetylcholine,lLN2X03,99749347584
720575941566876055,720575941566876055,75506075557900230,"102204, 14140, 2920",acetylcholine,lLN2X03,94966183936
720575941599987648,720575941599987648,76843287856218333,"140289, 19716, 3014",acetylcholine,lLN2X03,92986220544
720575941631032034,720575941631032034,76913793971891620,"143027, 22628, 2628",acetylcholine,lLN2X03,91081843200
720575941516418883,720575941516418883,76913725252797969,"143156, 21270, 2767",gaba,lLN2X03,88878878208
720575941393745302,720575941393745302,75787893997945413,"108586, 22661, 2376",acetylcholine,lLN2X03,80437642752
720575941555700307,720575941555700307,75717456534351470,"107224, 21881, 2393",acetylcholine,lLN2X03,76700671232
720575941493134284,720575941543514716,76984093996489057,"144053, 21640, 2594",gaba,lLN2X03,NA
720575941557592659,720575941646264993,75792498873859627,"109762, 161443, 4908",glutamate,AN02A001,132481436928
720575941561376750,720575941561376750,76563599384075140,"131476, 72566, 2283",glutamate,AN02A001,103070785536
720575941515757644,720575941631977954,74873238098152860,"82602, 27488, 3657",gaba,LHAD1g1,131113730304
720575941517679203,720575941525495115,77476812846193646,"158724, 24747, 3476",gaba,LHAD1g1,NA
720575941442477147,720575941442477147,74661994494347460,"75822, 24268, 4094",serotonin,AVLP082,129970255360
720575941432990601,720575941663516216,77476743992829926,"159539, 23302, 3034",serotonin,AVLP082,127505775360
720575941450643637,720575941450643637,75013975385134471,"86785, 26862, 2869",gaba,AVLP082,58596535296
720575941525516619,720575941525516619,75647019137939756,"105561, 20170, 2704",gaba,lLN2P_b,129521894144
720575941504989015,720575941504989015,75647019137731656,"104710, 19922, 2627",gaba,lLN2P_b,101938790144
720575941536776938,720575941536776938,76984025344301107,"145231, 19558, 2920",gaba,lLN2P_b,86655809536
720575941443325391,720575941443325391,76984093997000448,"143426, 20926, 2777",gaba,lLN2P_b,79041496576
720575941660512336,720575941660512336,76984025344065103,"144320, 20203, 2830",gaba,lLN2P_b,73291404544
720575941625906843,720575941625906843,75576650393464505,"103971, 19987, 2600",gaba,lLN2P_b,70509451776
720575941513137106,720575941501178786,76913725252588098,"142217, 22016, 2688",gaba,lLN2P_b,NA
720575941536901720,720575941690728667,76069231468927338,"118468, 18551, 2286",gaba,lLN2P_b,NA
720575941484996038,720575941575688200,75647087857163313,"105502, 20935, 2609",gaba,lLN2P_b,NA
720575941627463306,720575941627463306,76495911035154696,"130179, 152530, 3391",acetylcholine,INXXX036,128070774016
720575941447900436,720575941447900436,76777248439023394,"139128, 148181, 2992",acetylcholine,INXXX036,45113244160
720575941615214300,720575941615214300,77969737317668382,"172805, 35192, 2285",acetylcholine,MeLp1,127376999680
720575941531023492,720575941561813775,73958444222389256,"56860, 28055, 2842",acetylcholine,MeLp1,94987714560
720575941508047639,720575941508047639,76211412133367153,"122743, 63045, 2495",octopamine,DNge152,126296131584
720575941520657880,720575941520657880,75935298013778988,"113525, 221206, 5209",gaba,IN01B001,124288605952
720575941725156922,720575941472464247,76075554197227415,"118589, 207530, 4132",gaba,IN01B001,101110052608
720575941441243839,720575941441243839,76142074315503225,"119165, 92500, 2978",gaba,DNge136,123768978432
720575941480759971,720575941480759971,76422174567040960,"128025, 51960, 1660",gaba,DNge136,101012344832
720575941469738006,720575941612058982,76422174567384164,"128753, 52459, 1784",gaba,DNge136,77903992320
720575941464263312,720575941431184559,76000030888693544,"115125, 54354, 1955",gaba,DNge136,NA
720575941570144244,720575941570144244,76843356508280648,"140917, 22195, 2646",acetylcholine,lLN1_a,122872931584
720575941504978775,720575941504978775,76984025277524067,"144066, 20181, 2771",acetylcholine,lLN1_a,96861284608
720575941627278137,720575941627278137,76913725252698858,"141890, 21044, 2725",acetylcholine,lLN1_a,76837553920
720575941633855931,720575941633855931,75787825345518342,"109664, 22081, 2601",acetylcholine,lLN1_a,67876559104
720575941603666617,720575941603666617,75647225162323362,"104649, 26020, 2243",acetylcholine,lLN2X04,122522637056
720575941613704156,720575941613704156,77124831485104654,"149426, 21112, 2679",acetylcholine,lLN2X04,105502586112
720575941551975679,720575941551975679,75647225228935383,"106158, 25501, 2325",acetylcholine,lLN2X04,99014447104
720575941516896067,720575941565405026,76843425161168985,"139809, 23336, 2558",acetylcholine,lLN2X04,NA
720575941562840365,720575941562840365,76496392608578146,"130607, 166375, 5507",histamine,AN27X008,121398880768
720575941563967847,720575941563967847,75930968015632556,"113472, 92500, 2800",histamine,AN27X008,69159980800
720575941577133967,720575941577133967,77337174601086470,"153778, 58255, 2433",glutamate,aMe17a2,120901007616
720575941591623991,720575941503871115,74733049963536661,"79462, 44099, 2303",serotonin,aMe17a2,NA
720575941535022570,720575941535022570,75717387882098722,"107989, 19900, 2681",acetylcholine,lLN2X05,120731124736
720575941555414273,720575941555414273,75787894065006941,"109342, 22528, 2612",acetylcholine,lLN2X05,97651044096
720575941689084172,720575941689084172,76913725252526799,"141586, 21364, 2654",acetylcholine,lLN2X05,60807676672
720575941627860891,720575941509200990,76913725252408171,"141371, 22005, 2624",acetylcholine,lLN2X05,NA
720575941556379108,720575941556379108,76141112041708672,"119259, 64131, 2277",acetylcholine,DNge073,120720486912
720575941548066184,720575941548066184,76141112041621773,"120149, 64105, 2246",acetylcholine,DNge073,100341953536
720575941500203387,720575941500203387,77969462439803461,"173888, 28431, 2273",serotonin,aMe17c,119621212160
720575941565798546,720575941565798546,77618099889065166,"163734, 42691, 2667",serotonin,aMe17c,108142090240
720575941493068236,720575941665234300,74803556414431946,"81370, 47315, 3131",serotonin,aMe17c,NA
720575941537886913,720575941517794041,74451368626862159,"70944, 37280, 1534",serotonin,aMe17c,NA
720575941639495285,720575941639495285,77054394088323370,"146141, 19411, 2866",gaba,lLN2P_a,119539596544
720575941528270338,720575941528270338,76984093996977487,"143551, 20938, 2771",gaba,lLN2P_a,101694566400
720575941550987892,720575941550987892,75576581674622585,"104094, 18166, 2813",gaba,lLN2P_a,93043414272
720575941443953615,720575941561384493,75647019137894491,"105373, 20271, 2687",gaba,lLN2P_a,92746733056
720575941568458286,720575941568458286,75647087857232284,"106179, 21241, 2635",gaba,lLN2P_a,89454108416
720575941403714339,720575941550691361,75647087857171640,"105560, 21204, 2607",gaba,lLN2P_a,NA
720575941476733243,720575941476733243,76496186114691500,"129261, 159841, 4258",octopamine,AN19B019,117851870208
720575941539415272,720575941563483816,76636923602921454,"133617, 161481, 4193",dopamine,AN19B019,NA
720575941479013662,720575941479013662,78602712686093661,"190883, 25682, 3230",glutamate,MeMe_e07,115697437696
720575941656447193,720575941656447193,75155606227111956,"91514, 55093, 3024",glutamate,MeMe_e07,90532664832
720575941468543574,720575941587166854,74310356529011416,"65818, 29080, 2520",glutamate,MeMe_e07,NA
720575941394477060,720575941394477060,74169619040921563,"62376, 30541, 2559",glutamate,MeMe_e07,NA
720575941575200584,720575941553739007,74380862712000315,"67674, 34331, 2457",glutamate,MeMe_e07,NA
720575941540947861,720575941591511863,74310287876334900,"67202, 26945, 2632",glutamate,MeMe_e07,NA
720575941556259994,720575941410358575,78673012375524075,"194292, 24212, 2041",glutamate,MeMe_e07,NA
720575941627980396,720575941433877463,78321237642010471,"182806, 25140, 2877",glutamate,MeMe_e07,NA
720575941657507284,720575941488066701,77969600012517127,"172688, 31781, 2650",glutamate,MeMe_e07,NA
720575941612823114,720575941548210364,78743450107354149,"196462, 25194, 2971",glutamate,MeMe_e07,NA
720575941526751844,720575941526751844,76145991862333255,"119322, 210027, 4938",gaba,IN05B003,115376368128
720575941671280561,720575941671280561,76145923076023396,"118829, 207604, 4805",gaba,IN05B003,68955998208
720575941532746981,720575941532746981,75647637881663387,"105389, 37561, 3717",acetylcholine,DNp43,115060147712
720575941594469160,720575941594469160,76210725139365585,"122236, 41244, 3156",acetylcholine,DNp43,70552448000
720575941537924362,720575941570862586,76211137254909913,"122270, 54990, 2312",octopamine,OA-VUMa8,114950527744
720575941511599314,720575941511599314,75507381228161087,"100514, 52892, 2901",acetylcholine,AN19B017,113133715712
720575941568708398,720575941568708398,76425886089415381,"128969, 162850, 4100",acetylcholine,AN19B017,77702173696
720575941627862410,720575941627862410,77477500108199484,"158864, 46507, 3743",gaba,aMe17b,112722334464
720575941488141709,720575941488141709,78391743557045125,"184364, 29862, 1976",gaba,aMe17b,43325782784
720575941576752527,720575941576752527,74169687693171262,"62846, 32157, 2297",acetylcholine,aMe17b,18657295360
720575941613717990,720575941544378204,74803556347811300,"81590, 48280, 3045",gaba,aMe17b,NA
720575941518771347,720575941634759840,78250937482988885,"180762, 28064, 2324",gaba,aMe17b,NA
720575941496511614,720575941496511614,78954899936868523,"201712, 36516, 2830",glutamate,MeMe_e08,112160035328
720575941671402417,720575941671402417,78250662739450661,"181006, 19865, 2895",glutamate,MeMe_e08,95483761920
720575941500445921,720575941500445921,78462043648898874,"187483, 28413, 2243",glutamate,MeMe_e08,83411823104
720575941689642508,720575941689642508,73817775319783797,"52991, 30472, 2514",glutamate,MeMe_e08,67323474432
720575941506834757,720575941506834757,73395906317811606,"39281, 40025, 1978",glutamate,MeMe_e08,49989325312
720575941478543134,720575941478543134,77125999783438282,"148092, 56412, 2987",glutamate,MeMe_e08,40158274304
720575941640450933,720575941640450933,73536437714563591,"43235, 34400, 2127",serotonin,MeMe_e08,28096425472
720575941473097591,720575941555235975,78321237709152904,"183187, 25324, 3140",glutamate,MeMe_e08,NA
720575941479091764,720575941559991076,74169550455416616,"61448, 27659, 3023",glutamate,MeMe_e08,NA
720575941517846777,720575941551561332,79166005833897525,"207285, 36695, 1553",glutamate,MeMe_e08,NA
720575941690225676,720575941577965160,78180568806151373,"179117, 26831, 2657",glutamate,MeMe_e08,NA
720575941534581221,720575941605174462,76636510883343915,"133191, 147726, 2651",gaba,AN05B007,111944573696
720575941577885288,720575941577885288,76707360798210165,"135371, 162509, 3234",gaba,AN05B007,89425736704
720575941597093925,720575941691308952,76070193541176015,"118251, 47593, 2088",octopamine,DNg34,111689982208
720575941663102520,720575941663102520,76210862243239111,"121552, 45699, 1934",octopamine,DNg34,106311758336
720575941557588964,720575941557588964,76075691703656058,"117808, 211460, 4519",gaba,AN13B002,111459413760
720575941571386994,720575941518225299,76005391813178675,"115720, 213102, 5046",gaba,AN13B002,98664318720
720575941492471502,720575941492471502,75929730864045023,"112727, 55365, 1998",gaba,DNg74_a,111422518528
720575941652728049,720575941652728049,76211411797779845,"122378, 62169, 1197",gaba,DNg74_a,105847278336
720575941518823852,720575941518823852,76496323083842049,"130252, 164488, 2458",gaba,IN05B002,111285187328
720575941546261253,720575941546261253,76707704596569061,"136014, 173384, 3866",gaba,INXXX004,110245627648
720575941618690517,720575941618690517,76285492064467715,"124091, 173722, 3636",gaba,INXXX004,102817661696
720575941543221533,720575941543221533,76211137254894000,"122463, 55091, 2316",octopamine,OA-VUMa1,109532221952
720575941566088455,720575941566088455,76210999346167834,"122794, 50680, 582",octopamine,OA-VUMa1,102344560640
720575941557603556,720575941557603556,76146129167103205,"119990, 214778, 4440",gaba,ANXXX013,109393811456
720575941539476707,720575941603727545,76075760423349873,"117198, 213690, 4602",gaba,ANXXX013,67013585408
720575941440284245,720575941440284245,76491375348097797,"130664, 18384, 2742",acetylcholine,lLN2X12,108594926592
720575941536605160,720575941536605160,75717456601364210,"106581, 21662, 2615",acetylcholine,lLN2X12,90315558144
720575941352877616,720575941352877616,76913725252646550,"141405, 22126, 2708",acetylcholine,lLN2X12,88536169984
720575941427612244,720575941427612244,77265500320961079,"151724, 18486, 2890",acetylcholine,lLN2X12,83179865088
720575941517042275,720575941517042275,75576719046416268,"104334, 20784, 2546",acetylcholine,lLN2X12,80552291840
720575941537753320,720575941537753320,76984025344424821,"144825, 19446, 2962",acetylcholine,lLN2X12,68254940672
720575941555160833,720575941555160833,75647019138202544,"104905, 19084, 2804",acetylcholine,lLN2X12,68163947520
720575941487548301,720575941487548301,75647019138051753,"106031, 20315, 2746",acetylcholine,lLN2X12,60903524864
720575941496262855,720575941496262855,75717456601269838,"107298, 21971, 2572",acetylcholine,lLN2X12,59919503872
720575941617185689,720575941522006711,76984025344391851,"144075, 19750, 2950",acetylcholine,lLN2X12,NA
720575941546693225,720575941546693225,76001336826759712,"115634,92500,2853",octopamine,EA00B006,107252699392
720575941443143259,720575941443143259,76142074315622781,"119701, 92500, 3026",glutamate,AN09A005,107099035136
720575941602013993,720575941602013993,76073285985155716,"116891, 140947, 2496",dopamine,AN09A005,105273548032
720575941514855756,720575941514855756,76355586199264326,"126920, 165270, 4688",dopamine,AN09A005,60651588096
720575941527740418,720575941527740418,76142074315525116,"118836, 92500, 2991",dopamine,AN09A005,54147230976
720575941507870242,720575941507870242,76351806158074038,"126095, 51867, 2872",dopamine,AN09A005,35864011520
720575941436435232,720575941436435232,76142074315476676,"119266, 92500, 2972",NA,AN09A005,4727981312
720575941617163417,720575941492751820,76142074315595195,"119255, 92500, 3016",dopamine,AN09A005,NA
720575941464001168,720575941464001168,77829412347312369,"168436, 47522, 2991",acetylcholine,LT1d,106995677440
720575941482932047,720575941482932047,74451781345870959,"71027, 49635, 2838",acetylcholine,LT1d,NA
720575941411131819,720575941411131819,76773056416925054,"138255, 23962, 2554",acetylcholine,lLN2T_d,106325091840
720575941542904861,720575941542904861,76702687739407647,"136897, 24167, 2650",acetylcholine,lLN2T_d,89382073856
720575941481225039,720575941481225039,75717387882201936,"106968, 20172, 2734",acetylcholine,lLN2T_d,70904279808
720575941436567694,720575941436567694,75787894064816113,"108911, 22657, 2562",acetylcholine,lLN2T_d,70842420224
720575941511911696,720575941511911696,76005322824762913,"115257, 211121, 4084",gaba,INXXX003,105971661568
720575941524211275,720575941524211275,76988561165167640,"143797, 155297, 4141",gaba,INXXX003,99114686976
720575941557939428,720575941557939428,77618168742563269,"162833, 43693, 3111",glutamate,cL21,105362832896
720575941440904255,720575941440904255,77618168742560427,"162184, 43591, 3110",glutamate,cL21,101033896704
720575941540943509,720575941689628143,74522356383104866,"72566, 55972, 3558",glutamate,cL21,NA
720575941523184819,720575941472988279,74170443741121307,"62648, 54186, 2634",glutamate,cL21,NA
720575941534504426,720575941534504426,76984093996774522,"143673, 21171, 2693",acetylcholine,lLN1_bc,105335414016
720575941629900326,720575941629900326,77054394088266848,"146778, 19310, 2844",acetylcholine,lLN1_bc,103399615488
720575941669398193,720575941669398193,76913725252682351,"142154, 21096, 2719",acetylcholine,lLN1_bc,103030307328
720575941617664725,720575941617664725,76984093996754625,"144032, 20693, 2690",acetylcholine,lLN1_bc,101161670912
720575941519327086,720575941519327086,75787825345602942,"109153, 22357, 2633",acetylcholine,lLN1_bc,100170944512
720575941468869853,720575941468869853,76913725252464849,"142499, 22361, 2637",acetylcholine,lLN1_bc,98104589568
720575941450502222,720575941450502222,75647087790444872,"105167, 22260, 2498",acetylcholine,lLN1_bc,97673073408
720575941563465640,720575941563465640,76913793971545576,"142237, 22965, 2562",acetylcholine,lLN1_bc,95338114304
720575941568914164,720575941568914164,75647087857071101,"105463, 21608, 2573",acetylcholine,lLN1_bc,91276684800
720575941632901563,720575941632901563,75647087857215891,"105928, 20841, 2619",acetylcholine,lLN1_bc,89802424832
720575941516698771,720575941516698771,76843425227772963,"141279, 23131, 2640",acetylcholine,lLN1_bc,86466570496
720575941617868671,720575941617868671,76913725252612343,"142912, 21427, 2696",acetylcholine,lLN1_bc,84913559552
720575941472995168,720575941472995168,75647087857152982,"106431, 21304, 2603",acetylcholine,lLN1_bc,84152545024
720575941498871777,720575941498871777,75646950485246948,"104846, 18181, 2838",acetylcholine,lLN1_bc,83531938560
720575941574107643,720575941574107643,75647156509585705,"106240, 23047, 2375",acetylcholine,lLN1_bc,81877658112
720575941412138095,720575941412138095,75576581741613433,"103290, 16557, 3045",acetylcholine,lLN1_bc,79721343744
720575941458915312,720575941458915312,76984093996641887,"143776, 21437, 2644",acetylcholine,lLN1_bc,79371710464
720575941574384123,720575941574384123,77054394088223423,"145518, 19706, 2830",acetylcholine,lLN1_bc,77565336064
720575941510735376,720575941510735376,77124694180639240,"148331, 18413, 3295",acetylcholine,lLN1_bc,72975540736
720575941447716116,720575941447716116,75647156509995875,"105686, 22719, 2523",acetylcholine,lLN1_bc,71198905344
720575941626179978,720575941626179978,75717456534752988,"107050, 21907, 2545",acetylcholine,lLN1_bc,69161012736
720575941483094525,720575941483094525,76913725252385931,"141455, 22303, 2618",acetylcholine,lLN1_bc,69081725184
720575941470432887,720575941470432887,75647019137841414,"106258, 20360, 2664",acetylcholine,lLN1_bc,68917218048
720575941516791139,720575941516791139,76913725252615335,"142764, 21753, 2701",acetylcholine,lLN1_bc,68268222720
720575941493296615,720575941493296615,75647019137705940,"104530, 20364, 2616",acetylcholine,lLN1_bc,67621904896
720575941473289847,720575941441466319,75787893998212253,"108571, 23416, 2468",gaba,lLN1_bc,64831280896
720575941688323340,720575941688323340,76632387714570970,"134005, 25130, 2597",acetylcholine,lLN1_bc,61826175488
720575941515011907,720575941515011907,75717456601423257,"106786, 20649, 2637",acetylcholine,lLN1_bc,59754693376
720575941460776388,720575941460776388,76843356508508707,"140073, 21242, 2733",acetylcholine,lLN1_bc,58261803008
720575941659305752,720575941659305752,75717525253749661,"106629, 23085, 2359",acetylcholine,lLN1_bc,55642443776
720575941568151350,720575941598853056,75647156509709808,"106053, 23254, 2419",acetylcholine,lLN1_bc,55287315200
720575941548410401,720575941548410401,76984093996754566,"143565, 20663, 2692",acetylcholine,lLN1_bc,55153084928
720575941654306801,720575941429058900,76913725252494665,"143098, 21508, 2656",acetylcholine,lLN1_bc,NA
720575941489842640,720575941534007128,75647087857081173,"104565, 20689, 2583",acetylcholine,lLN1_bc,NA
720575941437166222,720575941645936801,78039694348801564,"175339, 24521, 4531",gaba,AVLP083,105211232000
720575941644360018,720575941644360018,74732637646716908,"78221, 32302, 2300",gaba,AVLP083,101908208640
720575941417950748,720575941417950748,75724878842263318,"107678, 241882, 4859",gaba,IN00A002,104783962880
720575941479015745,720575941479015745,76356341912001975,"125160, 186515, 3867",gaba,IN00A002,84500593152
720575941410338990,720575941559715876,76075760490276851,"117292, 213873, 4798",gaba,IN00A002,NA
720575941534413797,720575941534413797,76422312542840666,"128971, 56706, 3711",acetylcholine,cM16,104565767680
720575941509812258,720575941509812258,76492681287380673,"129641, 55712, 3834",acetylcholine,cM16,65217907456
720575941477148475,720575941403621923,76211068938632401,"121293, 53129, 4003",acetylcholine,cM16,NA
720575941671738289,720575941555600667,78039968756633183,"175162, 32019, 2625",acetylcholine,cM16,NA
720575941541333117,720575941541333117,76142074315519495,"118942, 92500, 2991",glutamate,AN27X016,104507602688
720575941440543323,720575941440543323,76495842383491813,"130680, 150904, 3835",glutamate,AN27X016,72522505728
720575941596301607,720575941596301607,76566279645643154,"132848, 152178, 3062",acetylcholine,AN10B005,102882557952
720575941509092958,720575941509092958,76566211059995606,"131449, 151270, 3441",acetylcholine,AN10B005,78140613376
720575941492924878,720575941492924878,78110200263655027,"176766, 28656, 3563",gaba,LT11,102706691072
720575941544439325,720575941544439325,76778142597337657,"138921, 175945, 5997",gaba,PS1,102280596736
720575941643100754,720575941643100754,75792842538911079,"109033, 171117, 5348",gaba,PS1,64555793920
720575941618058197,720575941618058197,76356204473227609,"125530, 183105, 3936",gaba,AN05B006,102252474880
720575941560931087,720575941560931087,76356204473171250,"126459, 182474, 3910",gaba,AN05B006,92204081408
720575941560024847,720575941560024847,76707360798323747,"135692, 163069, 3279",gaba,AN05B006,44434358528
720575941458803952,720575941458803952,76355654381924543,"126244, 166498, 2742",gaba,AN05B006,41714505472
720575941518268819,720575941518268819,75296343379878580,"95476, 54490, 1733",acetylcholine,CB0040,102075461632
720575941500046459,720575941500046459,75929868302671053,"113802, 61412, 1861",acetylcholine,CB0040,86254502656
720575941600363420,720575941587723998,75014525543631775,"87177, 43717, 4415",acetylcholine,LHPV6q1,101918203904
720575941438110496,720575941536178410,77336762754137056,"154746, 45924, 4274",acetylcholine,LHPV6q1,NA
720575941556195300,720575941556195300,76773537251341559,"139011, 37976, 1570",glutamate,DNde001,101863553792
720575941601297705,720575941601297705,75577131161752966,"102635, 33986, 1713",glutamate,DNde001,86719422720
