display_name,root_id,cell_representative_point_id,cell_type,cell_class,cell_sub_class,super_class,cluster,side,neurotransmitter,body_part_sensory,body_part_effector
DNp10,720575941593683051,29,DNp10,descending_neuron,descending_neuron,descending,postural control,right,acetylcholine,unknown,
DNp10,720575941440683743,41905,DNp10,descending_neuron,descending_neuron,descending,postural control,left,acetylcholine,unknown,
AN06B002,720575941633589179,177,AN06B002,ascending_neuron,ascending_neuron,ascending,postural control,left,gaba,unknown,
AN06B002,720575941455535923,223,AN06B002,ascending_neuron,ascending_neuron,ascending,postural control,left,gaba,unknown,
AN06B002,720575941454918195,237,AN06B002,ascending_neuron,ascending_neuron,ascending,postural control,right,gaba,unknown,
AN06B002,720575941626534090,259,AN06B002,ascending_neuron,ascending_neuron,ascending,postural control,right,gaba,unknown,
AN06B002,720575941653553169,298,AN06B002,ascending_neuron,ascending_neuron,ascending,postural control,right,gaba,unknown,
AN06B002,720575941440001343,395,AN06B002,ascending_neuron,ascending_neuron,ascending,postural control,left,gaba,unknown,
IN12B018,720575941562143912,84356,IN12B018,single_leg_neuromere,ventral_nerve_cord_bilateral_interconnecting,ventral_nerve_cord_intrinsic,,right,gaba,unknown,
IN12B018,720575941612672870,104051,IN12B018,single_leg_neuromere,ventral_nerve_cord_bilateral_interconnecting,ventral_nerve_cord_intrinsic,,left,gaba,unknown,
IN12B018,720575941540977357,105523,IN12B018,single_leg_neuromere,ventral_nerve_cord_bilateral_interconnecting,ventral_nerve_cord_intrinsic,,left,gaba,unknown,
IN12B018,720575941538275555,107425,IN12B018,single_leg_neuromere,ventral_nerve_cord_bilateral_interconnecting,ventral_nerve_cord_intrinsic,,left,gaba,unknown,
IN12B018,720575941482245318,107434,IN12B018,single_leg_neuromere,ventral_nerve_cord_bilateral_interconnecting,ventral_nerve_cord_intrinsic,,left,gaba,unknown,
IN12B018,720575941560610575,109090,IN12B018,single_leg_neuromere,ventral_nerve_cord_bilateral_interconnecting,ventral_nerve_cord_intrinsic,,right,gaba,unknown,
tibia_flexion_motor_neuron,720575941612256476,3779,accessory_tibia_flexor_A,leg_motor_neuron,hind_leg_motor_neuron,motor,middle-hind leg,left,gaba,,hind_leg
tibia_flexion_motor_neuron,720575941409035691,4010,accessory_tibia_flexor_A,leg_motor_neuron,hind_leg_motor_neuron,motor,middle-hind leg,left,gaba,,hind_leg
tibia_flexion_motor_neuron,720575941667370739,4449,tibia_flexor,leg_motor_neuron,front_leg_motor_neuron,motor,middle-hind leg,left,gaba,,front_leg
tibia_flexion_motor_neuron,720575941481179066,5276,tibia_flexor_Fast,leg_motor_neuron,front_leg_motor_neuron,motor,middle-hind leg,left,gaba,,front_leg
tibia_flexion_motor_neuron,720575941406488494,5280,accessory_tibia_flexor_A,leg_motor_neuron,front_leg_motor_neuron,motor,middle-hind leg,left,gaba,,front_leg
tibia_flexion_motor_neuron,720575941497568199,5282,tibia_flexor,leg_motor_neuron,front_leg_motor_neuron,motor,middle-hind leg,left,gaba,,front_leg
tibia_flexion_motor_neuron,720575941542454876,5313,tibia_flexor,leg_motor_neuron,front_leg_motor_neuron,motor,middle-hind leg,left,gaba,,front_leg
tibia_flexion_motor_neuron,720575941454830131,5329,accessory_tibia_flexor_A,leg_motor_neuron,hind_leg_motor_neuron,motor,middle-hind leg,left,acetylcholine,,hind_leg
tibia_flexion_motor_neuron,720575941487752144,5390,tibia_flexor,leg_motor_neuron,hind_leg_motor_neuron,motor,middle-hind leg,left,gaba,,hind_leg
tibia_flexion_motor_neuron,720575941431160824,5642,tibia_flexor,leg_motor_neuron,hind_leg_motor_neuron,motor,middle-hind leg,left,gaba,,hind_leg
tibia_flexion_motor_neuron,720575941508440193,8279,tibia_flexor_Fast,leg_motor_neuron,hind_leg_motor_neuron,motor,middle-hind leg,left,acetylcholine,,hind_leg
tibia_flexion_motor_neuron,720575941521190835,8294,tibia_flexor,leg_motor_neuron,hind_leg_motor_neuron,motor,middle-hind leg,left,acetylcholine,,hind_leg
tibia_flexion_motor_neuron,720575941497881417,10416,tibia_flexor,leg_motor_neuron,middle_leg_motor_neuron,motor,middle-hind leg,left,acetylcholine,,middle_leg
tibia_flexion_motor_neuron,720575941501921419,10417,tibia_flexor,leg_motor_neuron,middle_leg_motor_neuron,motor,middle-hind leg,left,gaba,,middle_leg
tibia_flexion_motor_neuron,720575941499865211,12735,accessory_tibia_flexor_C,leg_motor_neuron,hind_leg_motor_neuron,motor,middle-hind leg,left,gaba,,hind_leg
tibia_flexion_motor_neuron,720575941557543918,12880,tibia_flexor,leg_motor_neuron,front_leg_motor_neuron,motor,middle-hind leg,right,gaba,,front_leg
tibia_flexion_motor_neuron,720575941551010695,12881,tibia_flexor,leg_motor_neuron,front_leg_motor_neuron,motor,middle-hind leg,right,gaba,,front_leg
tibia_flexion_motor_neuron,720575941559281679,12887,accessory_tibia_flexor_A,leg_motor_neuron,front_leg_motor_neuron,motor,middle-hind leg,right,gaba,,front_leg
tibia_flexion_motor_neuron,720575941447846990,12894,accessory_tibia_flexor_A,leg_motor_neuron,front_leg_motor_neuron,motor,middle-hind leg,right,gaba,,front_leg
tibia_flexion_motor_neuron,720575941547393825,12906,tibia_flexor,leg_motor_neuron,front_leg_motor_neuron,motor,middle-hind leg,right,acetylcholine,,front_leg
tibia_flexion_motor_neuron,720575941633843141,12964,tibia_flexor,leg_motor_neuron,hind_leg_motor_neuron,motor,middle-hind leg,right,gaba,,hind_leg
tibia_flexion_motor_neuron,720575941633013484,12969,tibia_flexor_Fast,leg_motor_neuron,hind_leg_motor_neuron,motor,middle-hind leg,right,gaba,,hind_leg
tibia_flexion_motor_neuron,720575941587428151,13240,accessory_tibia_flexor_C,leg_motor_neuron,middle_leg_motor_neuron,motor,middle-hind leg,right,acetylcholine,,middle_leg
tibia_flexion_motor_neuron,720575941589587710,15536,accessory_tibia_flexor_A,leg_motor_neuron,middle_leg_motor_neuron,motor,middle-hind leg,right,acetylcholine,,middle_leg
tibia_flexion_motor_neuron,720575941521271475,19111,tibia_flexor,leg_motor_neuron,hind_leg_motor_neuron,motor,middle-hind leg,right,acetylcholine,,hind_leg
tibia_flexion_motor_neuron,720575941463793552,19690,accessory_tibia_flexor_C,leg_motor_neuron,hind_leg_motor_neuron,motor,middle-hind leg,right,gaba,,hind_leg
tibia_flexion_motor_neuron,720575941538082453,19691,tibia_flexor,leg_motor_neuron,hind_leg_motor_neuron,motor,middle-hind leg,right,gaba,,hind_leg
tibia_flexion_motor_neuron,720575941627566474,19699,tibia_flexor,leg_motor_neuron,hind_leg_motor_neuron,motor,middle-hind leg,right,gaba,,hind_leg
tibia_flexion_motor_neuron,720575941584932486,19700,accessory_tibia_flexor_A,leg_motor_neuron,hind_leg_motor_neuron,motor,middle-hind leg,right,gaba,,hind_leg
tibia_flexion_motor_neuron,720575941505891422,20639,accessory_tibia_flexor_A,leg_motor_neuron,middle_leg_motor_neuron,motor,middle-hind leg,right,gaba,,middle_leg
tibia_flexion_motor_neuron,720575941602293177,20742,accessory_tibia_flexor_A,leg_motor_neuron,hind_leg_motor_neuron,motor,middle-hind leg,right,gaba,,hind_leg
tibia_flexion_motor_neuron,720575941410034859,21169,accessory_tibia_flexor_A,leg_motor_neuron,hind_leg_motor_neuron,motor,middle-hind leg,right,acetylcholine,,hind_leg
tibia_flexion_motor_neuron,720575941434753568,21505,tibia_flexor,leg_motor_neuron,middle_leg_motor_neuron,motor,middle-hind leg,right,gaba,,middle_leg
tibia_flexion_motor_neuron,720575941685804044,21595,tibia_flexor,leg_motor_neuron,middle_leg_motor_neuron,motor,middle-hind leg,right,gaba,,middle_leg
tibia_flexion_motor_neuron,720575941573687049,21597,tibia_flexor,leg_motor_neuron,middle_leg_motor_neuron,motor,middle-hind leg,right,gaba,,middle_leg
tibia_flexion_motor_neuron,720575941641008741,21598,tibia_flexor,leg_motor_neuron,middle_leg_motor_neuron,motor,middle-hind leg,right,gaba,,middle_leg
tibia_flexion_motor_neuron,720575941488205769,21910,tibia_flexor,leg_motor_neuron,front_leg_motor_neuron,motor,middle-hind leg,left,acetylcholine,,front_leg
tibia_flexion_motor_neuron,720575941474499377,22746,tibia_flexor,leg_motor_neuron,middle_leg_motor_neuron,motor,middle-hind leg,right,acetylcholine,,middle_leg
tibia_flexion_motor_neuron,720575941515898873,23489,tibia_flexor,leg_motor_neuron,hind_leg_motor_neuron,motor,middle-hind leg,left,gaba,,hind_leg
tibia_flexion_motor_neuron,720575941623218172,23776,tibia_flexor_Fast,leg_motor_neuron,front_leg_motor_neuron,motor,middle-hind leg,right,gaba,,front_leg
tibia_flexion_motor_neuron,720575941658392344,26276,tibia_flexor,leg_motor_neuron,middle_leg_motor_neuron,motor,middle-hind leg,left,gaba,,middle_leg
tibia_flexion_motor_neuron,720575941526437988,30632,accessory_tibia_flexor_A_slow,leg_motor_neuron,front_leg_motor_neuron,motor,front leg,right,octopamine,,front_leg
tibia_flexion_motor_neuron,720575941643180901,36984,accessory_tibia_flexor_A,leg_motor_neuron,front_leg_motor_neuron,motor,middle-hind leg,left,gaba,,front_leg
tibia_flexion_motor_neuron,720575941565553920,37764,accessory_tibia_flexor_C,leg_motor_neuron,front_leg_motor_neuron,motor,middle-hind leg,right,acetylcholine,,front_leg
tibia_flexion_motor_neuron,720575941596095877,37931,accessory_tibia_flexor_C,leg_motor_neuron,middle_leg_motor_neuron,motor,middle-hind leg,left,gaba,,middle_leg
tibia_flexion_motor_neuron,720575941459422623,38182,tibia_flexor_Fast,leg_motor_neuron,middle_leg_motor_neuron,motor,middle-hind leg,left,gaba,,middle_leg
tibia_flexion_motor_neuron,720575941580731001,41761,tibia_flexor,leg_motor_neuron,front_leg_motor_neuron,motor,middle-hind leg,right,acetylcholine,,front_leg
tibia_flexion_motor_neuron,720575941574626973,41763,tibia_flexor,leg_motor_neuron,middle_leg_motor_neuron,motor,middle-hind leg,left,gaba,,middle_leg
tibia_flexion_motor_neuron,720575941523135223,41765,accessory_tibia_flexor_A,leg_motor_neuron,middle_leg_motor_neuron,motor,middle-hind leg,left,gaba,,middle_leg
tibia_extension_and_long_tendon_motor_neuron,720575941496173947,3695,long_tendon_muscle_ltm_B,leg_motor_neuron,hind_leg_motor_neuron,motor,middle-hind leg,left,gaba,,hind_leg
tibia_extension_and_long_tendon_motor_neuron,720575941486583046,3729,long_tendon_muscle_B,leg_motor_neuron,hind_leg_motor_neuron,motor,middle-hind leg,right,acetylcholine,,hind_leg
tibia_extension_and_long_tendon_motor_neuron,720575941524748877,3733,long_tendon_muscle_B,leg_motor_neuron,front_leg_motor_neuron,motor,middle-hind leg,left,gaba,,front_leg
tibia_extension_and_long_tendon_motor_neuron,720575941435830546,5275,long_tendon_muscle_B,leg_motor_neuron,front_leg_motor_neuron,motor,middle-hind leg,left,gaba,,front_leg
tibia_extension_and_long_tendon_motor_neuron,720575941489123047,5283,long_tendon_muscle_B,leg_motor_neuron,front_leg_motor_neuron,motor,middle-hind leg,left,gaba,,front_leg
tibia_extension_and_long_tendon_motor_neuron,720575941505660801,5299,long_tendon_muscle_B,leg_motor_neuron,front_leg_motor_neuron,motor,middle-hind leg,left,gaba,,front_leg
tibia_extension_and_long_tendon_motor_neuron,720575941464925462,5308,long_tendon_muscle_B,leg_motor_neuron,front_leg_motor_neuron,motor,middle-hind leg,left,gaba,,front_leg
tibia_extension_and_long_tendon_motor_neuron,720575941611361811,5311,tarsus_levator_D,leg_motor_neuron,front_leg_motor_neuron,motor,middle-hind leg,left,gaba,,front_leg
tibia_extension_and_long_tendon_motor_neuron,720575941639281525,5378,tibia_extensor_FETi,leg_motor_neuron,front_leg_motor_neuron,motor,middle-hind leg,left,gaba,,front_leg
tibia_extension_and_long_tendon_motor_neuron,720575941468687581,5453,tibia_extensor_FETi,leg_motor_neuron,middle_leg_motor_neuron,motor,middle-hind leg,left,gaba,,middle_leg
tibia_extension_and_long_tendon_motor_neuron,720575941497863497,5457,tibia_extensor_SETi,leg_motor_neuron,middle_leg_motor_neuron,motor,middle-hind leg,left,gaba,,middle_leg
tibia_extension_and_long_tendon_motor_neuron,720575941415020572,5636,long_tendon_muscle_ltm_B,leg_motor_neuron,hind_leg_motor_neuron,motor,middle-hind leg,left,gaba,,hind_leg
tibia_extension_and_long_tendon_motor_neuron,720575941471839296,8298,tibia_extensor_FETi,leg_motor_neuron,hind_leg_motor_neuron,motor,middle-hind leg,left,gaba,,hind_leg
tibia_extension_and_long_tendon_motor_neuron,720575941689495515,8301,long_tendon_muscle_ltm_B,leg_motor_neuron,hind_leg_motor_neuron,motor,middle-hind leg,left,gaba,,hind_leg
tibia_extension_and_long_tendon_motor_neuron,720575941549456673,8306,long_tendon_muscle_ltm_B,leg_motor_neuron,hind_leg_motor_neuron,motor,middle-hind leg,left,acetylcholine,,hind_leg
tibia_extension_and_long_tendon_motor_neuron,720575941512935779,11590,long_tendon_muscle_B,leg_motor_neuron,middle_leg_motor_neuron,motor,middle-hind leg,left,gaba,,middle_leg
tibia_extension_and_long_tendon_motor_neuron,720575941547132040,11593,long_tendon_muscle_B_tibia,leg_motor_neuron,middle_leg_motor_neuron,motor,middle-hind leg,left,gaba,,middle_leg
tibia_extension_and_long_tendon_motor_neuron,720575941611652627,12106,long_tendon_muscle_B_tibia,leg_motor_neuron,middle_leg_motor_neuron,motor,middle-hind leg,left,gaba,,middle_leg
tibia_extension_and_long_tendon_motor_neuron,720575941474769204,12110,tergotrochanter_extensor_PDMN,leg_motor_neuron,middle_leg_motor_neuron,motor,middle-hind leg,left,gaba,,middle_leg
tibia_extension_and_long_tendon_motor_neuron,720575941488203209,12884,long_tendon_muscle_B,leg_motor_neuron,front_leg_motor_neuron,motor,middle-hind leg,right,gaba,,front_leg
tibia_extension_and_long_tendon_motor_neuron,720575941439667986,12889,long_tendon_muscle_B_femur,leg_motor_neuron,front_leg_motor_neuron,motor,middle-hind leg,right,gaba,,front_leg
tibia_extension_and_long_tendon_motor_neuron,720575941501926706,12907,long_tendon_muscle_B,leg_motor_neuron,front_leg_motor_neuron,motor,middle-hind leg,right,gaba,,front_leg
tibia_extension_and_long_tendon_motor_neuron,720575941561433746,12910,tarsus_levator_D,leg_motor_neuron,front_leg_motor_neuron,motor,middle-hind leg,right,gaba,,front_leg
tibia_extension_and_long_tendon_motor_neuron,720575941655736344,12968,long_tendon_muscle_B_femur,leg_motor_neuron,hind_leg_motor_neuron,motor,middle-hind leg,right,gaba,,hind_leg
tibia_extension_and_long_tendon_motor_neuron,720575941549915252,13091,tergotrochanter_extensor,leg_motor_neuron,middle_leg_motor_neuron,motor,front leg,right,gaba,,middle_leg
tibia_extension_and_long_tendon_motor_neuron,720575941436960735,14936,accessory_tibia_flexor_B,leg_motor_neuron,middle_leg_motor_neuron,motor,middle-hind leg,right,gaba,,middle_leg
tibia_extension_and_long_tendon_motor_neuron,720575941542738524,15532,long_tendon_muscle_B,leg_motor_neuron,middle_leg_motor_neuron,motor,middle-hind leg,right,gaba,,middle_leg
tibia_extension_and_long_tendon_motor_neuron,720575941638063391,15533,long_tendon_muscle_B_femur,leg_motor_neuron,middle_leg_motor_neuron,motor,middle-hind leg,right,gaba,,middle_leg
tibia_extension_and_long_tendon_motor_neuron,720575941591037547,15538,long_tendon_muscle_B,leg_motor_neuron,middle_leg_motor_neuron,motor,middle-hind leg,right,acetylcholine,,middle_leg
tibia_extension_and_long_tendon_motor_neuron,720575941573296822,19692,long_tendon_muscle_B,leg_motor_neuron,hind_leg_motor_neuron,motor,middle-hind leg,right,acetylcholine,,hind_leg
tibia_extension_and_long_tendon_motor_neuron,720575941447103669,19695,long_tendon_muscle_B_femur,leg_motor_neuron,hind_leg_motor_neuron,motor,middle-hind leg,right,gaba,,hind_leg
tibia_extension_and_long_tendon_motor_neuron,720575941478187841,20497,tibia_extensor_SETi,leg_motor_neuron,middle_leg_motor_neuron,motor,middle-hind leg,right,glutamate,,middle_leg
tibia_extension_and_long_tendon_motor_neuron,720575941432965902,22727,tibia_extensor_FETi,leg_motor_neuron,middle_leg_motor_neuron,motor,middle-hind leg,right,gaba,,middle_leg
tibia_extension_and_long_tendon_motor_neuron,720575941507209029,22829,long_tendon_muscle_B,leg_motor_neuron,hind_leg_motor_neuron,motor,middle-hind leg,right,acetylcholine,,hind_leg
tibia_extension_and_long_tendon_motor_neuron,720575941470212471,22992,tibia_extensor_FETi,leg_motor_neuron,hind_leg_motor_neuron,motor,middle-hind leg,right,gaba,,hind_leg
tibia_extension_and_long_tendon_motor_neuron,720575941488287797,23780,tibia_extensor_FETi,leg_motor_neuron,front_leg_motor_neuron,motor,middle-hind leg,right,gaba,,front_leg
tibia_extension_and_long_tendon_motor_neuron,720575941610567597,24753,long_tendon_muscle_ltm_B,leg_motor_neuron,hind_leg_motor_neuron,motor,middle-hind leg,left,gaba,,hind_leg
tibia_extension_and_long_tendon_motor_neuron,720575941640958053,24786,long_tendon_muscle_B,leg_motor_neuron,front_leg_motor_neuron,motor,middle-hind leg,right,gaba,,front_leg
tibia_extension_and_long_tendon_motor_neuron,720575941517661356,37981,long_tendon_muscle_B_femur,leg_motor_neuron,middle_leg_motor_neuron,motor,middle-hind leg,left,gaba,,middle_leg
tibia_extension_and_long_tendon_motor_neuron,720575941479987619,41747,long_tendon_muscle_B_femur,leg_motor_neuron,middle_leg_motor_neuron,motor,middle-hind leg,right,gaba,,middle_leg
tibia_extension_and_long_tendon_motor_neuron,720575941680979133,41759,long_tendon_muscle_B_femur,leg_motor_neuron,middle_leg_motor_neuron,motor,middle-hind leg,left,gaba,,middle_leg
tibia_extension_and_long_tendon_motor_neuron,720575941580680825,41762,long_tendon_muscle_B,leg_motor_neuron,middle_leg_motor_neuron,motor,middle-hind leg,left,gaba,,middle_leg
leg_tactile,720575941552945235,4901,SNta38,bristle_neuron,middle_leg_bristle_neuron,sensory,,right,acetylcholine,middle_leg,
leg_tactile,720575941638121247,22234,SNta28,bristle_neuron,middle_leg_bristle_neuron,sensory,,right,acetylcholine,middle_leg,
leg_proprioceptive,720575941439757330,22331,SNta21,orphan_neuron,hind_leg_orphan_neuron,sensory,,right,acetylcholine,hind_leg,
leg_tactile,720575941579354233,22356,SNta28,bristle_neuron,middle_leg_bristle_neuron,sensory,,right,acetylcholine,middle_leg,
leg_tactile,720575941562599687,22363,SNta44,bristle_neuron,middle_leg_bristle_neuron,sensory,,right,acetylcholine,middle_leg,
leg_proprioceptive,720575941406005360,22458,SNpp45,hair_plate_neuron,middle_leg_hair_plate_neuron,sensory,,right,acetylcholine,middle_leg,
leg_tactile,720575941533068810,22465,SNta25,bristle_neuron,front_leg_bristle_neuron,sensory,,right,acetylcholine,front_leg,
leg_tactile,720575941446820628,23026,SNta45,bristle_neuron,middle_leg_bristle_neuron,sensory,,left,acetylcholine,middle_leg,
leg_proprioceptive,720575941565152054,25127,SNpp52,hair_plate_neuron,hind_leg_hair_plate_neuron,sensory,,right,acetylcholine,hind_leg,
leg_proprioceptive,720575941451454286,25255,SNcs01f,campaniform_sensillum_neuron,front_leg_campaniform_sensillum_neuron,sensory,,left,acetylcholine,front_leg,
leg_proprioceptive,720575941408541999,25862,SNta21,orphan_neuron,hind_leg_orphan_neuron,sensory,,right,acetylcholine,hind_leg,
leg_proprioceptive,720575941662116732,25976,SNpp45,,,sensory,,left,acetylcholine,front_leg,
leg_proprioceptive,720575941353553712,26032,SNta21,orphan_neuron,hind_leg_orphan_neuron,sensory,,right,acetylcholine,hind_leg,
leg_proprioceptive,720575941663849596,26063,SNpp45,hair_plate_neuron,front_leg_hair_plate_neuron,sensory,,right,acetylcholine,front_leg,
leg_proprioceptive,720575941539399629,26065,SNpp51,orphan_neuron,middle_leg_orphan_neuron,sensory,,left,acetylcholine,middle_leg,
leg_tactile,720575941442686415,26101,SNta21,bristle_neuron,hind_leg_bristle_neuron,sensory,,right,acetylcholine,hind_leg,
leg_proprioceptive,720575941703766746,26147,CS,orphan_neuron,front_leg_orphan_neuron,sensory,,left,acetylcholine,front_leg,
leg_tactile,720575941460659652,26157,SNta25,bristle_neuron,front_leg_bristle_neuron,sensory,,right,acetylcholine,front_leg,
leg_tactile,720575941679702461,26195,SNta45,bristle_neuron,front_leg_bristle_neuron,sensory,,right,acetylcholine,front_leg,
leg_tactile,720575941555208193,26237,SNta21,bristle_neuron,middle_leg_bristle_neuron,sensory,,right,acetylcholine,middle_leg,
leg_proprioceptive,720575941614876892,26333,SNpp45,hair_plate_neuron,middle_leg_hair_plate_neuron,sensory,,right,acetylcholine,middle_leg,
leg_tactile,720575941637821045,26409,SNta38,bristle_neuron,middle_leg_bristle_neuron,sensory,,right,gaba,middle_leg,
leg_proprioceptive,720575941500602530,26440,SNpp45,hair_plate_neuron,middle_leg_hair_plate_neuron,sensory,,right,acetylcholine,middle_leg,
leg_tactile,720575941563139986,26452,SNta28,bristle_neuron,middle_leg_bristle_neuron,sensory,,right,acetylcholine,middle_leg,
leg_proprioceptive,720575941515789123,26538,SNta21,orphan_neuron,middle_leg_orphan_neuron,sensory,,left,acetylcholine,middle_leg,
leg_tactile,720575941587805150,26556,SNta44,bristle_neuron,middle_leg_bristle_neuron,sensory,,left,acetylcholine,middle_leg,
leg_tactile,720575941548454068,26626,SNta21,bristle_neuron,front_leg_bristle_neuron,sensory,,left,acetylcholine,front_leg,
leg_proprioceptive,720575941565861383,26628,CS,orphan_neuron,front_leg_orphan_neuron,sensory,,left,acetylcholine,front_leg,
leg_proprioceptive,720575941470596875,26728,SNta21,orphan_neuron,hind_leg_orphan_neuron,sensory,,right,acetylcholine,hind_leg,
leg_proprioceptive,720575941434830112,29567,SNta21,campaniform_sensillum_neuron,middle_leg_campaniform_sensillum_neuron,sensory,,left,acetylcholine,middle_leg,
leg_proprioceptive,720575941559262958,30166,SNpp55,orphan_neuron,hind_leg_orphan_neuron,sensory,,right,acetylcholine,hind_leg,
leg_tactile,720575941641754655,31465,SNta24,bristle_neuron,front_leg_bristle_neuron,sensory,,left,acetylcholine,front_leg,
leg_proprioceptive,720575941584459871,32198,SNpp52,orphan_neuron,hind_leg_orphan_neuron,sensory,,right,acetylcholine,hind_leg,
leg_tactile,720575941490228686,32351,SNta30,bristle_neuron,front_leg_bristle_neuron,sensory,,left,acetylcholine,front_leg,
leg_tactile,720575941522247671,32769,SNta45,bristle_neuron,middle_leg_bristle_neuron,sensory,,left,acetylcholine,middle_leg,
leg_tactile,720575941659483416,33835,SNta21,bristle_neuron,front_leg_bristle_neuron,sensory,,right,acetylcholine,front_leg,
leg_proprioceptive,720575941544349469,33939,SNpp52,orphan_neuron,hind_leg_orphan_neuron,sensory,,right,acetylcholine,hind_leg,
leg_proprioceptive,720575941544255005,34672,SNta21,orphan_neuron,hind_leg_orphan_neuron,sensory,,left,acetylcholine,hind_leg,
leg_proprioceptive,720575941499979745,34779,SNta21,orphan_neuron,hind_leg_orphan_neuron,sensory,,left,acetylcholine,hind_leg,
leg_proprioceptive,720575941523814903,35670,SNvnc12f,orphan_neuron,middle_leg_orphan_neuron,sensory,,left,acetylcholine,middle_leg,
leg_tactile,720575941392720388,36188,SNta44,bristle_neuron,middle_leg_bristle_neuron,sensory,,left,acetylcholine,middle_leg,
leg_tactile,720575941671066023,36627,SNta43,bristle_neuron,front_leg_bristle_neuron,sensory,,right,acetylcholine,front_leg,
leg_proprioceptive,720575941515882051,36809,SNta21,orphan_neuron,hind_leg_orphan_neuron,sensory,,left,acetylcholine,hind_leg,
leg_tactile,720575941413642388,36879,SNta21,bristle_neuron,hind_leg_bristle_neuron,sensory,,left,acetylcholine,hind_leg,
leg_proprioceptive,720575941605007038,36897,SNpp55,orphan_neuron,hind_leg_orphan_neuron,sensory,,left,acetylcholine,hind_leg,
leg_tactile,720575941591278220,37430,SNta21,bristle_neuron,hind_leg_bristle_neuron,sensory,,right,acetylcholine,hind_leg,
leg_proprioceptive,720575941654326228,37462,SNta21,orphan_neuron,middle_leg_orphan_neuron,sensory,,left,acetylcholine,middle_leg,
leg_proprioceptive,720575941498917601,37463,SNpp51,orphan_neuron,hind_leg_orphan_neuron,sensory,,left,acetylcholine,hind_leg,
leg_tactile,720575941629728038,37514,SNta37,bristle_neuron,middle_leg_bristle_neuron,sensory,,right,acetylcholine,middle_leg,
leg_proprioceptive,720575941408487471,38820,SNta21,orphan_neuron,middle_leg_orphan_neuron,sensory,,right,acetylcholine,middle_leg,
leg_proprioceptive,720575941563003693,42717,SNpp45,hair_plate_neuron,middle_leg_hair_plate_neuron,sensory,,left,acetylcholine,middle_leg,
leg_proprioceptive,720575941574247675,42732,SNta21,orphan_neuron,hind_leg_orphan_neuron,sensory,,left,acetylcholine,hind_leg,
leg_tactile,720575941548965693,42765,SNta26,bristle_neuron,middle_leg_bristle_neuron,sensory,,right,acetylcholine,middle_leg,
leg_tactile,720575941447032852,83507,SNta44,bristle_neuron,middle_leg_bristle_neuron,sensory,,left,acetylcholine,middle_leg,
leg_proprioceptive,720575941451131741,83548,SNpp45,orphan_neuron,middle_leg_orphan_neuron,sensory,,left,acetylcholine,middle_leg,
leg_proprioceptive,720575941597101701,83756,SNpp45,orphan_neuron,hind_leg_orphan_neuron,sensory,,left,acetylcholine,hind_leg,
leg_proprioceptive,720575941514695756,83865,SNpp45,hair_plate_neuron,front_leg_hair_plate_neuron,sensory,,right,acetylcholine,front_leg,
leg_tactile,720575941567312999,84321,SNta21,bristle_neuron,middle_leg_bristle_neuron,sensory,,left,acetylcholine,middle_leg,
leg_tactile,720575941585506270,85987,SNta38,bristle_neuron,middle_leg_bristle_neuron,sensory,,right,acetylcholine,middle_leg,
leg_proprioceptive,720575941515586915,86057,SNpp45,orphan_neuron,middle_leg_orphan_neuron,sensory,,right,acetylcholine,middle_leg,
leg_proprioceptive,720575941731508011,113349,SNpp52,hair_plate_neuron,hind_leg_hair_plate_neuron,sensory,,left,gaba,hind_leg,
leg_proprioceptive,720575941508820574,4536,SNpp52,orphan_neuron,hind_leg_orphan_neuron,sensory,,left,gaba,hind_leg,
leg_proprioceptive,720575941478756431,22108,SNpp41,chordotonal_organ_neuron,middle_leg_hook_chordotonal_organ_neuron,sensory,,right,acetylcholine,front_leg,
leg_proprioceptive,720575941632486587,22119,SNpp39,chordotonal_organ_neuron,hind_leg_hook_chordotonal_organ_neuron,sensory,,right,acetylcholine,hind_leg,
leg_proprioceptive,720575941441982927,22172,SNpp39,chordotonal_organ_neuron,hind_leg_hook_chordotonal_organ_neuron,sensory,,right,acetylcholine,hind_leg,
leg_proprioceptive,720575941491805385,22202,SNpp50,chordotonal_organ_neuron,middle_leg_chordotonal_organ_neuron,sensory,,right,acetylcholine,middle_leg,
leg_proprioceptive,720575941451880014,22277,SNpp45,hair_plate_neuron,middle_leg_hair_plate_neuron,sensory,,right,acetylcholine,middle_leg,
leg_proprioceptive,720575941704462554,22963,SNpp51,chordotonal_organ_neuron,middle_leg_club_chordotonal_organ_neuron,sensory,,right,acetylcholine,middle_leg,
leg_proprioceptive,720575941682437309,23004,SNpp51,chordotonal_organ_neuron,middle_leg_chordotonal_organ_neuron,sensory,,right,acetylcholine,middle_leg,
leg_proprioceptive,720575941532317571,23339,SNpp53,campaniform_sensillum_neuron,hind_leg_bilateral_campaniform_sensillum_neuron,sensory,,left,acetylcholine,hind_leg,
leg_proprioceptive,720575941460857232,23363,SNpp50,chordotonal_organ_neuron,hind_leg_claw_chordotonal_organ_neuron,sensory,,left,acetylcholine,hind_leg,
leg_proprioceptive,720575941632678892,24470,SNpp39,chordotonal_organ_neuron,hind_leg_hook_chordotonal_organ_neuron,sensory,,left,acetylcholine,hind_leg,
leg_proprioceptive,720575941612723629,24471,SNpp39,chordotonal_organ_neuron,hind_leg_hook_chordotonal_organ_neuron,sensory,,left,acetylcholine,hind_leg,
leg_proprioceptive,720575941484179130,24473,SNpp39,chordotonal_organ_neuron,hind_leg_hook_chordotonal_organ_neuron,sensory,,left,acetylcholine,hind_leg,
leg_proprioceptive,720575941351530032,24478,SNpp51,chordotonal_organ_neuron,hind_leg_claw_chordotonal_organ_neuron,sensory,,left,acetylcholine,hind_leg,
leg_proprioceptive,720575941391425540,24763,SNpp53,campaniform_sensillum_neuron,hind_leg_bilateral_campaniform_sensillum_neuron,sensory,,left,acetylcholine,hind_leg,
leg_proprioceptive,720575941639848309,25162,SNpp50,chordotonal_organ_neuron,hind_leg_claw_chordotonal_organ_neuron,sensory,,right,acetylcholine,hind_leg,
leg_proprioceptive,720575941564054935,25252,SNpp50,chordotonal_organ_neuron,hind_leg_claw_chordotonal_organ_neuron,sensory,,left,acetylcholine,hind_leg,
leg_proprioceptive,720575941506873916,25557,SNpp39,chordotonal_organ_neuron,front_leg_hook_chordotonal_organ_neuron,sensory,,right,acetylcholine,front_leg,
leg_proprioceptive,720575941473385770,25844,SNpp53,campaniform_sensillum_neuron,hind_leg_bilateral_campaniform_sensillum_neuron,sensory,,right,acetylcholine,hind_leg,
leg_proprioceptive,720575941551528475,25845,bCS,campaniform_sensillum_neuron,front_leg_bilateral_campaniform_sensillum_neuron,sensory,,left,acetylcholine,front_leg,
leg_proprioceptive,720575941635067323,25860,SNpp41,chordotonal_organ_neuron,hind_leg_hook_chordotonal_organ_neuron,sensory,,right,acetylcholine,hind_leg,
leg_proprioceptive,720575941490695625,25863,SNpp52,orphan_neuron,hind_leg_orphan_neuron,sensory,,left,acetylcholine,hind_leg,
leg_proprioceptive,720575941434027662,25878,SNpp39,chordotonal_organ_neuron,hind_leg_hook_chordotonal_organ_neuron,sensory,,left,acetylcholine,hind_leg,
leg_proprioceptive,720575941687460364,25910,SNpp50,orphan_neuron,hind_leg_orphan_neuron,sensory,,right,acetylcholine,hind_leg,
leg_proprioceptive,720575941573239965,26049,SNpp50,chordotonal_organ_neuron,hind_leg_claw_chordotonal_organ_neuron,sensory,,right,acetylcholine,hind_leg,
leg_proprioceptive,720575941514308867,26069,CS,campaniform_sensillum_neuron,front_leg_campaniform_sensillum_neuron,sensory,,right,acetylcholine,front_leg,
leg_proprioceptive,720575941595563909,26070,SNpp51,chordotonal_organ_neuron,front_leg_claw_chordotonal_organ_neuron,sensory,,right,acetylcholine,front_leg,
leg_proprioceptive,720575941589096503,26085,SNpp45,orphan_neuron,middle_leg_orphan_neuron,sensory,,right,acetylcholine,middle_leg,
leg_proprioceptive,720575941554880228,26110,SNpp51,chordotonal_organ_neuron,middle_leg_chordotonal_organ_neuron,sensory,,right,acetylcholine,middle_leg,
leg_proprioceptive,720575941664773756,26142,SNpp39,chordotonal_organ_neuron,hind_leg_hook_chordotonal_organ_neuron,sensory,,,acetylcholine,hind_leg,
leg_proprioceptive,720575941587147486,26166,SNpp39,chordotonal_organ_neuron,hind_leg_hook_chordotonal_organ_neuron,sensory,,left,acetylcholine,hind_leg,
leg_proprioceptive,720575941477912372,26280,SNpp39,chordotonal_organ_neuron,hind_leg_hook_chordotonal_organ_neuron,sensory,,right,acetylcholine,hind_leg,
leg_proprioceptive,720575941452587386,26284,SNpp39,chordotonal_organ_neuron,hind_leg_hook_chordotonal_organ_neuron,sensory,,right,acetylcholine,hind_leg,
leg_proprioceptive,720575941538791139,26372,SNpp39,chordotonal_organ_neuron,hind_leg_hook_chordotonal_organ_neuron,sensory,,right,acetylcholine,hind_leg,
leg_proprioceptive,720575941582988921,26402,SNpp51,,,sensory,,right,acetylcholine,front_leg,
leg_proprioceptive,720575941516281667,26407,SNpp52,orphan_neuron,hind_leg_orphan_neuron,sensory,,right,acetylcholine,hind_leg,
leg_proprioceptive,720575941568187694,26435,SNpp51,chordotonal_organ_neuron,front_leg_claw_chordotonal_organ_neuron,sensory,,right,acetylcholine,front_leg,
leg_proprioceptive,720575941481950659,26518,SNpp50,chordotonal_organ_neuron,hind_leg_claw_chordotonal_organ_neuron,sensory,,left,acetylcholine,hind_leg,
leg_proprioceptive,720575941534646026,26560,SNpp45,orphan_neuron,middle_leg_orphan_neuron,sensory,,left,acetylcholine,middle_leg,
leg_proprioceptive,720575941479827363,26716,SNpp50,chordotonal_organ_neuron,hind_leg_claw_chordotonal_organ_neuron,sensory,,right,acetylcholine,hind_leg,
leg_proprioceptive,720575941624818284,26752,SNpp52,orphan_neuron,hind_leg_orphan_neuron,sensory,,right,acetylcholine,hind_leg,
leg_proprioceptive,720575941553736731,26807,SNpp50,chordotonal_organ_neuron,hind_leg_claw_chordotonal_organ_neuron,sensory,,left,acetylcholine,hind_leg,
leg_proprioceptive,720575941431911928,26808,SNpp39,chordotonal_organ_neuron,hind_leg_hook_chordotonal_organ_neuron,sensory,,right,acetylcholine,hind_leg,
leg_proprioceptive,720575941687916251,26809,SNpp50,chordotonal_organ_neuron,hind_leg_claw_chordotonal_organ_neuron,sensory,,left,acetylcholine,hind_leg,
leg_proprioceptive,720575941591137079,26854,SNpp50,chordotonal_organ_neuron,middle_leg_claw_chordotonal_organ_neuron,sensory,,left,acetylcholine,middle_leg,
leg_proprioceptive,720575941520767342,26861,SNpp45,orphan_neuron,middle_leg_orphan_neuron,sensory,,left,acetylcholine,middle_leg,
leg_proprioceptive,720575941402503459,26917,SNpp45,hair_plate_neuron,hind_leg_hair_plate_neuron,sensory,,right,acetylcholine,hind_leg,
leg_proprioceptive,720575941612742573,28468,SNpp39,chordotonal_organ_neuron,hind_leg_hook_chordotonal_organ_neuron,sensory,,left,acetylcholine,hind_leg,
leg_proprioceptive,720575941628897574,29505,SNpp43,chordotonal_organ_neuron,hind_leg_club_chordotonal_organ_neuron,sensory,,left,acetylcholine,hind_leg,
leg_proprioceptive,720575941523326283,29820,SNpp52,hair_plate_neuron,hind_leg_hair_plate_neuron,sensory,,left,acetylcholine,hind_leg,
leg_proprioceptive,720575941611812170,29870,SNpp50,chordotonal_organ_neuron,hind_leg_chordotonal_organ_neuron,sensory,,right,acetylcholine,hind_leg,
leg_proprioceptive,720575941540252309,30178,SNpp39,chordotonal_organ_neuron,hind_leg_hook_chordotonal_organ_neuron,sensory,,right,acetylcholine,hind_leg,
leg_proprioceptive,720575941610808906,30221,SNpp51,chordotonal_organ_neuron,hind_leg_claw_chordotonal_organ_neuron,sensory,,left,acetylcholine,hind_leg,
leg_proprioceptive,720575941629118777,30337,SNpp52,hair_plate_neuron,hind_leg_hair_plate_neuron,sensory,,left,acetylcholine,hind_leg,
leg_proprioceptive,720575941612226890,30477,SNpp39,chordotonal_organ_neuron,middle_leg_hook_chordotonal_organ_neuron,sensory,,right,acetylcholine,middle_leg,
leg_proprioceptive,720575941468647133,30649,SNpp53,campaniform_sensillum_neuron,middle_leg_bilateral_campaniform_sensillum_neuron,sensory,,left,acetylcholine,middle_leg,
leg_proprioceptive,720575941527860301,31489,SNpp51,chordotonal_organ_neuron,middle_leg_club_chordotonal_organ_neuron,sensory,,left,acetylcholine,middle_leg,
leg_proprioceptive,720575941489148624,31625,SNpp39,chordotonal_organ_neuron,hind_leg_hook_chordotonal_organ_neuron,sensory,,right,acetylcholine,hind_leg,
leg_proprioceptive,720575941608368493,31665,SNpp52,orphan_neuron,hind_leg_orphan_neuron,sensory,,right,acetylcholine,hind_leg,
leg_proprioceptive,720575941517167971,32338,SNpp50,orphan_neuron,hind_leg_orphan_neuron,sensory,,left,acetylcholine,hind_leg,
leg_proprioceptive,720575941483300349,32681,SNpp53,campaniform_sensillum_neuron,hind_leg_bilateral_campaniform_sensillum_neuron,sensory,,right,acetylcholine,hind_leg,
leg_proprioceptive,720575941554247559,32693,SNpp45,orphan_neuron,middle_leg_orphan_neuron,sensory,,left,acetylcholine,middle_leg,
leg_proprioceptive,720575941576751247,33705,SNpp51,chordotonal_organ_neuron,middle_leg_club_chordotonal_organ_neuron,sensory,,left,acetylcholine,middle_leg,
leg_proprioceptive,720575941556518308,34078,SNpp50,chordotonal_organ_neuron,hind_leg_claw_chordotonal_organ_neuron,sensory,,right,acetylcholine,hind_leg,
leg_proprioceptive,720575941432165295,34289,SNpp39,chordotonal_organ_neuron,middle_leg_claw_chordotonal_organ_neuron,sensory,,left,acetylcholine,middle_leg,
leg_proprioceptive,720575941527750733,34290,SNpp39,chordotonal_organ_neuron,middle_leg_claw_chordotonal_organ_neuron,sensory,,left,acetylcholine,middle_leg,
leg_proprioceptive,720575941537680410,34333,SNpp51,chordotonal_organ_neuron,middle_leg_claw_chordotonal_organ_neuron,sensory,,left,acetylcholine,middle_leg,
leg_proprioceptive,720575941439665682,34683,SNpp50,chordotonal_organ_neuron,hind_leg_claw_chordotonal_organ_neuron,sensory,,right,acetylcholine,hind_leg,
leg_proprioceptive,720575941452462505,34691,SNpp40,chordotonal_organ_neuron,hind_leg_club_chordotonal_organ_neuron,sensory,,right,acetylcholine,hind_leg,
leg_proprioceptive,720575941516720643,35184,SNpp51,chordotonal_organ_neuron,middle_leg_claw_chordotonal_organ_neuron,sensory,,left,acetylcholine,middle_leg,
leg_proprioceptive,720575941599289244,35236,SNpp39,chordotonal_organ_neuron,hind_leg_claw_chordotonal_organ_neuron,sensory,,left,acetylcholine,hind_leg,
leg_proprioceptive,720575941575981832,35348,SNpp51,chordotonal_organ_neuron,middle_leg_club_chordotonal_organ_neuron,sensory,,right,acetylcholine,middle_leg,
leg_proprioceptive,720575941466707222,35868,SNpp50,chordotonal_organ_neuron,hind_leg_claw_chordotonal_organ_neuron,sensory,,right,acetylcholine,hind_leg,
leg_proprioceptive,720575941609969226,36450,SNpp53,campaniform_sensillum_neuron,front_leg_bilateral_campaniform_sensillum_neuron,sensory,,right,acetylcholine,front_leg,
leg_proprioceptive,720575941689742966,36480,SNpp45,hair_plate_neuron,hind_leg_hair_plate_neuron,sensory,,right,acetylcholine,hind_leg,
leg_proprioceptive,720575941499269794,36630,SNpp51,chordotonal_organ_neuron,middle_leg_claw_chordotonal_organ_neuron,sensory,,left,acetylcholine,middle_leg,
leg_proprioceptive,720575941638477173,36710,SNpp51,chordotonal_organ_neuron,hind_leg_claw_chordotonal_organ_neuron,sensory,,left,acetylcholine,hind_leg,
leg_proprioceptive,720575941506138903,36895,SNpp50,chordotonal_organ_neuron,hind_leg_claw_chordotonal_organ_neuron,sensory,,left,acetylcholine,hind_leg,
leg_proprioceptive,720575941599516201,37042,SNpp41,chordotonal_organ_neuron,middle_leg_hook_chordotonal_organ_neuron,sensory,,left,acetylcholine,middle_leg,
leg_proprioceptive,720575941611064294,37338,SNpp51,orphan_neuron,middle_leg_orphan_neuron,sensory,,left,acetylcholine,middle_leg,
leg_proprioceptive,720575941652417236,37442,SNpp39,chordotonal_organ_neuron,hind_leg_claw_chordotonal_organ_neuron,sensory,,left,acetylcholine,hind_leg,
leg_proprioceptive,720575941442976207,37528,SNpp50,chordotonal_organ_neuron,middle_leg_claw_chordotonal_organ_neuron,sensory,,right,acetylcholine,middle_leg,
leg_proprioceptive,720575941480508802,37553,SNpp51,chordotonal_organ_neuron,middle_leg_claw_chordotonal_organ_neuron,sensory,,left,acetylcholine,middle_leg,
leg_proprioceptive,720575941450968698,37916,SNpp41,chordotonal_organ_neuron,middle_leg_hook_chordotonal_organ_neuron,sensory,,left,acetylcholine,middle_leg,
leg_proprioceptive,720575941643444837,38933,SNpp51,chordotonal_organ_neuron,middle_leg_claw_chordotonal_organ_neuron,sensory,,right,acetylcholine,middle_leg,
leg_proprioceptive,720575941542829085,38949,SNpp39,chordotonal_organ_neuron,middle_leg_hook_chordotonal_organ_neuron,sensory,,right,acetylcholine,middle_leg,
leg_proprioceptive,720575941477513834,42708,SNpp39,chordotonal_organ_neuron,front_leg_hook_chordotonal_organ_neuron,sensory,,right,acetylcholine,front_leg,
leg_proprioceptive,720575941539707634,42710,SNpp39,chordotonal_organ_neuron,middle_leg_hook_chordotonal_organ_neuron,sensory,,right,acetylcholine,middle_leg,
leg_proprioceptive,720575941575223656,42712,SNpp39,chordotonal_organ_neuron,middle_leg_hook_chordotonal_organ_neuron,sensory,,right,acetylcholine,middle_leg,
leg_proprioceptive,720575941515791251,42725,SNpp50,chordotonal_organ_neuron,hind_leg_claw_chordotonal_organ_neuron,sensory,,left,acetylcholine,hind_leg,
leg_proprioceptive,720575941462851853,42726,SNpp51,chordotonal_organ_neuron,middle_leg_claw_chordotonal_organ_neuron,sensory,,right,acetylcholine,middle_leg,
leg_proprioceptive,720575941496295294,42740,SNpp45,hair_plate_neuron,middle_leg_hair_plate_neuron,sensory,,right,acetylcholine,middle_leg,
leg_proprioceptive,720575941509176670,43915,SNpp39,chordotonal_organ_neuron,middle_leg_hook_chordotonal_organ_neuron,sensory,,right,acetylcholine,middle_leg,
leg_proprioceptive,720575941352535088,83694,SNpp51,chordotonal_organ_neuron,front_leg_claw_chordotonal_organ_neuron,sensory,,right,acetylcholine,front_leg,
leg_proprioceptive,720575941525962340,83851,SNpp39,chordotonal_organ_neuron,hind_leg_hook_chordotonal_organ_neuron,sensory,,right,acetylcholine,hind_leg,
leg_proprioceptive,720575941531310264,84329,SNpp39,chordotonal_organ_neuron,hind_leg_hook_chordotonal_organ_neuron,sensory,,right,acetylcholine,hind_leg,
leg_proprioceptive,720575941591858728,84646,SNpp53,campaniform_sensillum_neuron,middle_leg_campaniform_sensillum_neuron,sensory,,left,acetylcholine,middle_leg,
leg_proprioceptive,720575941471495543,85393,SNpp53,campaniform_sensillum_neuron,middle_leg_campaniform_sensillum_neuron,sensory,,right,acetylcholine,middle_leg,
leg_proprioceptive,720575941565023488,85993,SNpp50,chordotonal_organ_neuron,hind_leg_claw_chordotonal_organ_neuron,sensory,,right,acetylcholine,hind_leg,
leg_proprioceptive,720575941605554366,85997,SNpp45,orphan_neuron,middle_leg_orphan_neuron,sensory,,left,acetylcholine,middle_leg,
leg_proprioceptive,720575941440432831,101318,SNpp60,chordotonal_organ_neuron,front_leg_club_chordotonal_organ_neuron,sensory,,right,gaba,front_leg,
leg_proprioceptive,720575941595795158,113172,SNpp51,chordotonal_organ_neuron,middle_leg_claw_chordotonal_organ_neuron,sensory,,right,acetylcholine,middle_leg,
leg_proprioceptive,720575941517341433,22821,SNpp55,orphan_neuron,hind_leg_orphan_neuron,sensory,,left,acetylcholine,hind_leg,
leg_proprioceptive,720575941472970592,23310,SNpp41,chordotonal_organ_neuron,hind_leg_hook_chordotonal_organ_neuron,sensory,,left,gaba,hind_leg,
leg_proprioceptive,720575941533992165,23311,SNpp52,orphan_neuron,hind_leg_orphan_neuron,sensory,,left,acetylcholine,hind_leg,
leg_proprioceptive,720575941481850307,24422,SNpp52,hair_plate_neuron,middle_leg_hair_plate_neuron,sensory,,left,acetylcholine,middle_leg,
leg_proprioceptive,720575941521939635,25944,SNpp52,orphan_neuron,hind_leg_orphan_neuron,sensory,,right,acetylcholine,hind_leg,
leg_proprioceptive,720575941671407271,25999,SNpp50,chordotonal_organ_neuron,hind_leg_claw_chordotonal_organ_neuron,sensory,,,acetylcholine,hind_leg,
leg_proprioceptive,720575941664626812,26010,SNpp50,chordotonal_organ_neuron,hind_leg_claw_chordotonal_organ_neuron,sensory,,right,acetylcholine,hind_leg,
leg_proprioceptive,720575941579176793,26031,SNpp52,orphan_neuron,hind_leg_orphan_neuron,sensory,,right,acetylcholine,hind_leg,
leg_proprioceptive,720575941525496164,26043,SNpp41,orphan_neuron,hind_leg_orphan_neuron,sensory,,left,acetylcholine,hind_leg,
leg_proprioceptive,720575941450359221,26106,SNpp41,orphan_neuron,hind_leg_orphan_neuron,sensory,,right,acetylcholine,hind_leg,
leg_proprioceptive,720575941415737492,26139,SNpp50,chordotonal_organ_neuron,middle_leg_claw_chordotonal_organ_neuron,sensory,,left,acetylcholine,middle_leg,
leg_proprioceptive,720575941557322660,26340,SNpp50,chordotonal_organ_neuron,hind_leg_claw_chordotonal_organ_neuron,sensory,,right,acetylcholine,hind_leg,
leg_proprioceptive,720575941538237160,26375,SNpp39,chordotonal_organ_neuron,hind_leg_hook_chordotonal_organ_neuron,sensory,,right,acetylcholine,hind_leg,
leg_proprioceptive,720575941448561172,26388,SNpp51,chordotonal_organ_neuron,middle_leg_chordotonal_organ_neuron,sensory,,right,acetylcholine,middle_leg,
leg_proprioceptive,720575941560431219,26414,SNpp50,chordotonal_organ_neuron,hind_leg_claw_chordotonal_organ_neuron,sensory,,right,acetylcholine,hind_leg,
leg_proprioceptive,720575941439042767,26426,SNpp41,chordotonal_organ_neuron,middle_leg_hook_chordotonal_organ_neuron,sensory,,right,acetylcholine,front_leg,
leg_proprioceptive,720575941496678272,26563,SNpp41,chordotonal_organ_neuron,middle_leg_hook_chordotonal_organ_neuron,sensory,,left,acetylcholine,middle_leg,
leg_proprioceptive,720575941627221286,26797,SNpp51,chordotonal_organ_neuron,hind_leg_claw_chordotonal_organ_neuron,sensory,,right,acetylcholine,hind_leg,
leg_proprioceptive,720575941558018163,26799,SNpp50,chordotonal_organ_neuron,hind_leg_claw_chordotonal_organ_neuron,sensory,,right,acetylcholine,hind_leg,
leg_proprioceptive,720575941447000757,26870,SNpp50,chordotonal_organ_neuron,middle_leg_claw_chordotonal_organ_neuron,sensory,,left,acetylcholine,middle_leg,
leg_proprioceptive,720575941560894247,26900,SNpp50,chordotonal_organ_neuron,front_leg_claw_chordotonal_organ_neuron,sensory,,left,acetylcholine,front_leg,
leg_proprioceptive,720575941485577026,26934,SNpp50,chordotonal_organ_neuron,hind_leg_claw_chordotonal_organ_neuron,sensory,,,acetylcholine,hind_leg,
leg_proprioceptive,720575941658931792,26937,SNpp50,chordotonal_organ_neuron,hind_leg_claw_chordotonal_organ_neuron,sensory,,right,acetylcholine,hind_leg,
leg_proprioceptive,720575941499569633,28407,SNpp50,chordotonal_organ_neuron,middle_leg_claw_chordotonal_organ_neuron,sensory,,left,acetylcholine,middle_leg,
leg_proprioceptive,720575941513764172,29092,SNpp45,hair_plate_neuron,hind_leg_hair_plate_neuron,sensory,,left,acetylcholine,hind_leg,
leg_proprioceptive,720575941524170059,29523,SNpp41,chordotonal_organ_neuron,middle_leg_hook_chordotonal_organ_neuron,sensory,,left,acetylcholine,middle_leg,
leg_proprioceptive,720575941432214959,30370,SNpp39,chordotonal_organ_neuron,middle_leg_hook_chordotonal_organ_neuron,sensory,,left,gaba,middle_leg,
leg_proprioceptive,720575941514814467,31825,SNpp52,hair_plate_neuron,hind_leg_hair_plate_neuron,sensory,,left,acetylcholine,hind_leg,
leg_proprioceptive,720575941489292341,32006,SNpp51,chordotonal_organ_neuron,middle_leg_hook_chordotonal_organ_neuron,sensory,,left,acetylcholine,middle_leg,
leg_proprioceptive,720575941587845086,32299,SNpp49,chordotonal_organ_neuron,middle_leg_chordotonal_organ_neuron,sensory,,left,acetylcholine,middle_leg,
leg_proprioceptive,720575941526038041,32757,SNpp50,chordotonal_organ_neuron,hind_leg_claw_chordotonal_organ_neuron,sensory,,right,acetylcholine,hind_leg,
leg_proprioceptive,720575941495205063,32921,SNpp50,chordotonal_organ_neuron,middle_leg_claw_chordotonal_organ_neuron,sensory,,left,acetylcholine,middle_leg,
leg_proprioceptive,720575941625411210,33008,SNpp51,chordotonal_organ_neuron,front_leg_claw_chordotonal_organ_neuron,sensory,,right,acetylcholine,front_leg,
leg_proprioceptive,720575941508169089,33423,SNpp41,chordotonal_organ_neuron,middle_leg_hook_chordotonal_organ_neuron,sensory,,left,acetylcholine,middle_leg,
leg_proprioceptive,720575941477479018,33468,SNpp52,hair_plate_neuron,middle_leg_hair_plate_neuron,sensory,,left,acetylcholine,middle_leg,
leg_proprioceptive,720575941491825353,33756,SNpp43,chordotonal_organ_neuron,front_leg_hook_chordotonal_organ_neuron,sensory,,right,acetylcholine,front_leg,
leg_proprioceptive,720575941689654284,33769,SNpp50,chordotonal_organ_neuron,front_leg_claw_chordotonal_organ_neuron,sensory,,right,acetylcholine,front_leg,
leg_proprioceptive,720575941483384515,33813,SNpp51,chordotonal_organ_neuron,front_leg_claw_chordotonal_organ_neuron,sensory,,right,acetylcholine,front_leg,
leg_proprioceptive,720575941484268474,33834,SNpp39,orphan_neuron,front_leg_orphan_neuron,sensory,,right,acetylcholine,front_leg,
leg_proprioceptive,720575941539045581,34021,SNpp43,orphan_neuron,front_leg_orphan_neuron,sensory,,left,acetylcholine,front_leg,
leg_proprioceptive,720575941537321738,34330,SNpp57,orphan_neuron,middle_leg_orphan_neuron,sensory,,left,acetylcholine,middle_leg,
leg_proprioceptive,720575941473807200,34348,SNpp50,chordotonal_organ_neuron,middle_leg_claw_chordotonal_organ_neuron,sensory,,left,acetylcholine,middle_leg,
leg_proprioceptive,720575941519296428,34766,SNpp51,chordotonal_organ_neuron,front_leg_claw_chordotonal_organ_neuron,sensory,,left,acetylcholine,front_leg,
leg_proprioceptive,720575941545484137,35362,SNpp50,chordotonal_organ_neuron,middle_leg_claw_chordotonal_organ_neuron,sensory,,left,acetylcholine,middle_leg,
leg_proprioceptive,720575941492417200,35683,SNpp50,chordotonal_organ_neuron,hind_leg_claw_chordotonal_organ_neuron,sensory,,right,acetylcholine,hind_leg,
leg_proprioceptive,720575941540132221,36599,SNpp50,chordotonal_organ_neuron,front_leg_claw_chordotonal_organ_neuron,sensory,,left,acetylcholine,front_leg,
leg_proprioceptive,720575941691903640,36756,SNpp39,chordotonal_organ_neuron,front_leg_hook_chordotonal_organ_neuron,sensory,,right,acetylcholine,front_leg,
leg_proprioceptive,720575941663343160,36765,SNpp39,chordotonal_organ_neuron,front_leg_hook_chordotonal_organ_neuron,sensory,,right,acetylcholine,front_leg,
leg_proprioceptive,720575941507364386,36766,SNpp51,chordotonal_organ_neuron,front_leg_claw_chordotonal_organ_neuron,sensory,,right,acetylcholine,front_leg,
leg_proprioceptive,720575941527708260,36889,SNta21,orphan_neuron,hind_leg_orphan_neuron,sensory,,left,gaba,hind_leg,
leg_proprioceptive,720575941606642541,37043,SNpp50,chordotonal_organ_neuron,middle_leg_claw_chordotonal_organ_neuron,sensory,,left,acetylcholine,middle_leg,
leg_proprioceptive,720575941459002015,37901,SNpp50,chordotonal_organ_neuron,middle_leg_claw_chordotonal_organ_neuron,sensory,,left,acetylcholine,middle_leg,
leg_proprioceptive,720575941479198432,37949,SNpp50,chordotonal_organ_neuron,hind_leg_claw_chordotonal_organ_neuron,sensory,,left,acetylcholine,hind_leg,
leg_proprioceptive,720575941439928108,38960,SNpp41,chordotonal_organ_neuron,middle_leg_hook_chordotonal_organ_neuron,sensory,,right,acetylcholine,middle_leg,
leg_proprioceptive,720575941511470864,42715,SNpp41,chordotonal_organ_neuron,middle_leg_hook_chordotonal_organ_neuron,sensory,,,acetylcholine,middle_leg,
leg_proprioceptive,720575941538788584,42723,SNpp50,chordotonal_organ_neuron,middle_leg_claw_chordotonal_organ_neuron,sensory,,right,acetylcholine,middle_leg,
leg_proprioceptive,720575941591267724,42734,SNta21,orphan_neuron,middle_leg_orphan_neuron,sensory,,right,acetylcholine,middle_leg,
leg_proprioceptive,720575941497975163,42736,SNpp41,orphan_neuron,hind_leg_orphan_neuron,sensory,,left,acetylcholine,hind_leg,
leg_proprioceptive,720575941527112870,42741,SNta21,orphan_neuron,hind_leg_orphan_neuron,sensory,,left,acetylcholine,hind_leg,
leg_proprioceptive,720575941484000198,83704,SNpp43,chordotonal_organ_neuron,front_leg_club_chordotonal_organ_neuron,sensory,,right,acetylcholine,front_leg,
leg_proprioceptive,720575941540248445,84017,SNpp51,chordotonal_organ_neuron,front_leg_claw_chordotonal_organ_neuron,sensory,,right,gaba,front_leg,
leg_proprioceptive,720575941440358111,84076,SNpp45,hair_plate_neuron,middle_leg_hair_plate_neuron,sensory,,right,acetylcholine,middle_leg,
leg_proprioceptive,720575941573309691,85392,SNpp53,campaniform_sensillum_neuron,middle_leg_campaniform_sensillum_neuron,sensory,,right,acetylcholine,middle_leg,
leg_proprioceptive,720575941612787885,101250,SNpp45,orphan_neuron,middle_leg_orphan_neuron,sensory,,left,acetylcholine,middle_leg,
leg_proprioceptive,720575941413438356,113173,SNpp41,chordotonal_organ_neuron,hind_leg_hook_chordotonal_organ_neuron,sensory,,left,acetylcholine,hind_leg,
