display_name,root_id,cell_type,cell_class,cell_sub_class,super_class,super_cluster,side,neurotransmitter,body_part_sensory,body_part_effector
DNg27,720575941662506040,DNg27,descending_neuron,descending_neuron,descending,visceral control,right,"acetylcholine,glutamate",unknown,NA
DNg27,720575941598950556,DNg27,descending_neuron,descending_neuron,descending,visceral control,right,"acetylcholine,glutamate",unknown,NA
ANXXX139,720575941581725305,ANXXX139,ascending_neuron,ascending_neuron,ascending,visceral control,left,gaba,unknown,NA
ANXXX139,720575941564715264,ANXXX139,ascending_neuron,ascending_neuron,ascending,visceral control,right,gaba,unknown,NA
wing_power_motor_neuron,720575941487139138,DVM3a-b,wing_motor_neuron,wing_power_motor_neuron,motor,flight-energy-power,right,gaba,unknown,wing
wing_power_motor_neuron,720575941590220684,DVM3a-b,wing_motor_neuron,wing_power_motor_neuron,motor,flight-energy-power,left,octopamine,unknown,wing
wing_power_motor_neuron,720575941463144336,DLM1-4,wing_motor_neuron,wing_power_motor_neuron,motor,flight-energy-power,right,gaba,unknown,wing
wing_power_motor_neuron,720575941596050112,DLM5,wing_motor_neuron,wing_power_motor_neuron,motor,flight-energy-power,left,gaba,unknown,wing
wing_power_motor_neuron,720575941542328837,DVM2a-b,wing_motor_neuron,wing_power_motor_neuron,motor,flight-energy-power,left,acetylcholine,unknown,wing
wing_power_motor_neuron,720575941645403000,DLM1-4,wing_motor_neuron,wing_power_motor_neuron,motor,flight-energy-power,left,gaba,unknown,wing
wing_power_motor_neuron,720575941640465439,DLM1-4,wing_motor_neuron,wing_power_motor_neuron,motor,flight-energy-power,left,gaba,unknown,wing
wing_power_motor_neuron,720575941519783640,DLM1-4,wing_motor_neuron,wing_power_motor_neuron,motor,flight-energy-power,left,gaba,unknown,wing
wing_power_motor_neuron,720575941566847847,DVM1a-c,wing_motor_neuron,wing_power_motor_neuron,motor,flight-energy-power,left,acetylcholine,unknown,wing
wing_power_motor_neuron,720575941560383347,DVM1a-c,wing_motor_neuron,wing_power_motor_neuron,motor,flight-energy-power,left,gaba,unknown,wing
wing_power_motor_neuron,720575941573368719,DVM2a-b,wing_motor_neuron,wing_power_motor_neuron,motor,flight-energy-power,left,octopamine,unknown,wing
wing_power_motor_neuron,720575941533190337,DLM1-4,wing_motor_neuron,wing_power_motor_neuron,motor,flight-energy-power,right,gaba,unknown,wing
wing_power_motor_neuron,720575941583644382,DLM1-4,wing_motor_neuron,wing_power_motor_neuron,motor,flight-energy-power,right,gaba,unknown,wing
wing_power_motor_neuron,720575941499558369,DVM3a-b,wing_motor_neuron,wing_power_motor_neuron,motor,flight-energy-power,right,octopamine,unknown,wing
wing_power_motor_neuron,720575941479034563,DLM1-4,wing_motor_neuron,wing_power_motor_neuron,motor,flight-energy-power,right,gaba,unknown,wing
wing_power_motor_neuron,720575941597489344,DVM1a-c,wing_motor_neuron,wing_power_motor_neuron,motor,flight-energy-power,right,acetylcholine,unknown,wing
wing_power_motor_neuron,720575941472734048,DVM1a-c,wing_motor_neuron,wing_power_motor_neuron,motor,flight-energy-power,right,octopamine,unknown,wing
wing_power_motor_neuron,720575941624985226,DVM2a-b,wing_motor_neuron,wing_power_motor_neuron,motor,flight-energy-power,right,acetylcholine,unknown,wing
wing_power_motor_neuron,720575941530190027,DVM2a-b,wing_motor_neuron,wing_power_motor_neuron,motor,flight-energy-power,right,gaba,unknown,wing
wing_power_motor_neuron,720575941692400603,DLM5,wing_motor_neuron,wing_power_motor_neuron,motor,flight-energy-power,right,gaba,unknown,wing
wing_power_motor_neuron,720575941565105206,DVM1a-c,wing_motor_neuron,wing_power_motor_neuron,motor,flight-energy-power,left,glutamate,unknown,wing
wing_power_motor_neuron,720575941603635190,DVM1a-c,wing_motor_neuron,wing_power_motor_neuron,motor,flight-energy-power,right,gaba,unknown,wing
wing_power_motor_neuron,720575941432491145,DLM1-4,wing_motor_neuron,wing_power_motor_neuron,motor,flight-energy-power,left,gaba,unknown,wing
wing_power_motor_neuron,720575941614289683,DVM3a-b,wing_motor_neuron,wing_power_motor_neuron,motor,flight-energy-power,left,octopamine,unknown,wing
l_NSC_CRZ,720575941497427072,l_NSC_CRZ,pars_lateralis_neurosecretory_cell,retrocerebral_complex_neurosecretory_cell,visceral_circulatory,energy homeostasis,left,"Crz,sNPF",unknown,retrocerebral_complex
l_NSC_CRZ,720575941626483001,l_NSC_CRZ,pars_lateralis_neurosecretory_cell,retrocerebral_complex_neurosecretory_cell,visceral_circulatory,abdomen-reproductive,left,"Crz,sNPF",unknown,retrocerebral_complex
l_NSC_CRZ,720575941645978785,l_NSC_CRZ,pars_lateralis_neurosecretory_cell,retrocerebral_complex_neurosecretory_cell,visceral_circulatory,ingestion-digestion,left,"Crz,sNPF",unknown,retrocerebral_complex
l_NSC_CRZ,720575941514693708,l_NSC_CRZ,pars_lateralis_neurosecretory_cell,retrocerebral_complex_neurosecretory_cell,visceral_circulatory,energy homeostasis,right,"Crz,sNPF",unknown,retrocerebral_complex
l_NSC_CRZ,720575941415815708,l_NSC_CRZ,pars_lateralis_neurosecretory_cell,retrocerebral_complex_neurosecretory_cell,visceral_circulatory,energy homeostasis,right,"Crz,sNPF",unknown,retrocerebral_complex
l_NSC_CRZ,720575941514506572,l_NSC_CRZ,pars_lateralis_neurosecretory_cell,retrocerebral_complex_neurosecretory_cell,visceral_circulatory,abdomen-reproductive,right,"Crz,sNPF",unknown,retrocerebral_complex
thorax_nociceptor,720575941407465902,SNxx27,multidendritic_neuron,thorax_multidendritic_neuron,sensory_ascending,NA,right,serotonin,thorax,NA
thorax_nociceptor,720575941597582784,SNxx27,multidendritic_neuron,thorax_multidendritic_neuron,sensory_ascending,NA,left,serotonin,thorax,NA
leg_nociceptor,720575941471405664,SNxx29,multidendritic_neuron,front_leg_multidendritic_neuron,sensory_ascending,NA,right,serotonin,front_leg,NA
leg_nociceptor,720575941643158354,SNxx29,multidendritic_neuron,front_leg_multidendritic_neuron,sensory_ascending,NA,left,serotonin,front_leg,NA
leg_nociceptor,720575941471906602,SNxx29,multidendritic_neuron,front_leg_multidendritic_neuron,sensory_ascending,NA,right,serotonin,front_leg,NA
leg_nociceptor,720575941558298660,SNxx29,multidendritic_neuron,front_leg_multidendritic_neuron,sensory_ascending,NA,left,serotonin,front_leg,NA
leg_nociceptor,720575941512261443,SAxx02,multidendritic_neuron,hind_leg_multidendritic_neuron,sensory_ascending,NA,right,serotonin,hind_leg,NA
leg_nociceptor,720575941402226211,SAxx02,multidendritic_neuron,hind_leg_multidendritic_neuron,sensory_ascending,NA,right,serotonin,hind_leg,NA
leg_nociceptor,720575941584961246,SAxx02,multidendritic_neuron,front_leg_multidendritic_neuron,sensory_ascending,NA,right,serotonin,front_leg,NA
leg_nociceptor,720575941486460813,SAxx02,multidendritic_neuron,middle_leg_multidendritic_neuron,sensory_ascending,NA,left,serotonin,middle_leg,NA
leg_nociceptor,720575941552842579,SAxx02,multidendritic_neuron,hind_leg_multidendritic_neuron,sensory_ascending,NA,left,serotonin,hind_leg,NA
leg_nociceptor,720575941483052541,SAxx02,multidendritic_neuron,hind_leg_multidendritic_neuron,sensory_ascending,NA,left,serotonin,hind_leg,NA
leg_nociceptor,720575941451040122,SAxx02,multidendritic_neuron,middle_leg_multidendritic_neuron,sensory_ascending,NA,left,serotonin,middle_leg,NA
leg_nociceptor,720575941474229297,SAxx02,multidendritic_neuron,middle_leg_multidendritic_neuron,sensory_ascending,NA,right,serotonin,middle_leg,NA
leg_nociceptor,720575941447163317,SAxx02,multidendritic_neuron,middle_leg_multidendritic_neuron,sensory_ascending,NA,right,serotonin,middle_leg,NA
leg_nociceptor,720575941473812576,SAxx02,multidendritic_neuron,front_leg_multidendritic_neuron,sensory_ascending,NA,left,serotonin,front_leg,NA
leg_nociceptor,720575941392665750,SAxx02,multidendritic_neuron,front_leg_multidendritic_neuron,sensory_ascending,NA,left,serotonin,front_leg,NA
leg_nociceptor,720575941536037362,SAxx02,multidendritic_neuron,front_leg_multidendritic_neuron,sensory_ascending,NA,right,serotonin,front_leg,NA
leg_nociceptor,720575941658631448,SNxx29,multidendritic_neuron,middle_leg_multidendritic_neuron,sensory,NA,left,serotonin,middle_leg,NA
leg_nociceptor,720575941446305194,SNxx29,multidendritic_neuron,middle_leg_multidendritic_neuron,sensory,NA,right,serotonin,middle_leg,NA
leg_nociceptor,720575941580643449,SNxx29,multidendritic_neuron,hind_leg_multidendritic_neuron,sensory,NA,left,serotonin,hind_leg,NA
leg_nociceptor,720575941473329450,SNxx29,multidendritic_neuron,middle_leg_multidendritic_neuron,sensory,NA,left,serotonin,middle_leg,NA
leg_nociceptor,720575941613453532,SNxx29,multidendritic_neuron,hind_leg_multidendritic_neuron,sensory,NA,right,serotonin,hind_leg,NA
leg_nociceptor,720575941501195915,SNxx29,multidendritic_neuron,middle_leg_multidendritic_neuron,sensory,NA,left,serotonin,middle_leg,NA
leg_nociceptor,720575941602922681,SNxx29,multidendritic_neuron,hind_leg_multidendritic_neuron,sensory,NA,right,acetylcholine,hind_leg,NA
leg_nociceptor,720575941507462750,SNxx29,multidendritic_neuron,hind_leg_multidendritic_neuron,sensory,NA,right,acetylcholine,hind_leg,NA
leg_nociceptor,720575941534090418,SNxx29,multidendritic_neuron,hind_leg_multidendritic_neuron,sensory,NA,right,acetylcholine,hind_leg,NA
leg_nociceptor,720575941591887656,SNxx29,multidendritic_neuron,hind_leg_multidendritic_neuron,sensory,NA,right,acetylcholine,hind_leg,NA
leg_nociceptor,720575941528930232,SNxx29,multidendritic_neuron,front_leg_multidendritic_neuron,sensory,NA,right,serotonin,front_leg,NA
leg_nociceptor,720575941651645937,SNxx29,multidendritic_neuron,hind_leg_multidendritic_neuron,sensory,NA,right,serotonin,hind_leg,NA
leg_nociceptor,720575941550995967,SNxx29,multidendritic_neuron,front_leg_multidendritic_neuron,sensory,NA,left,serotonin,front_leg,NA
leg_nociceptor,720575941487039440,SNxx29,multidendritic_neuron,hind_leg_multidendritic_neuron,sensory,NA,left,serotonin,hind_leg,NA
leg_nociceptor,720575941573383581,SNxx29,multidendritic_neuron,middle_leg_multidendritic_neuron,sensory,NA,right,serotonin,middle_leg,NA
leg_nociceptor,720575941513651532,SNxx29,multidendritic_neuron,hind_leg_multidendritic_neuron,sensory,NA,right,serotonin,hind_leg,NA
leg_nociceptor,720575941508171031,SNxx29,multidendritic_neuron,front_leg_multidendritic_neuron,sensory,NA,left,serotonin,front_leg,NA
leg_nociceptor,720575941534873432,SNxx29,multidendritic_neuron,middle_leg_multidendritic_neuron,sensory,NA,left,serotonin,middle_leg,NA
leg_nociceptor,720575941580715641,SNxx29,multidendritic_neuron,hind_leg_multidendritic_neuron,sensory,NA,left,serotonin,hind_leg,NA
leg_nociceptor,720575941426831444,SNxx29,multidendritic_neuron,middle_leg_multidendritic_neuron,sensory,NA,right,serotonin,middle_leg,NA
ISN,720575941596535333,ISN,nutrient_sensory_neuron,hemolymph_sensory_neuron,sensory,NA,left,"octopamine,acetylcholine",hemolymph_sensory,NA
ISN,720575941595737814,ISN,nutrient_sensory_neuron,hemolymph_sensory_neuron,sensory,NA,NA,"octopamine,acetylcholine",hemolymph_sensory,NA
ISN,720575941500464353,ISN,nutrient_sensory_neuron,hemolymph_sensory_neuron,sensory,NA,left,"octopamine,acetylcholine",hemolymph_sensory,NA
ISN,720575941440766175,ISN,nutrient_sensory_neuron,hemolymph_sensory_neuron,sensory,NA,right,"octopamine,acetylcholine",hemolymph_sensory,NA
