neuron_name,flywire_id
aDT6,720575940630165007
aDT6,720575940637381466
aDT6,720575940620306300
aDT6,720575940612302506
aDT6,720575940626512881
aDT6,720575940644751651
aDT6,720575940638900469
aDT6,720575940604764862
aDT6,720575940631570636
aDT6,720575940635191438
aDT6,720575940637531369
amulet,720575940604470240
amulet,720575940635211768
aSG1,720575940633376301
aSG1,720575940620829878
aSG7,720575940636928398
aSG7,720575940622273868
aSG7,720575940625082298
aSG7,720575940620879809
aSG7,720575940613428707
aster,720575940621982413
aster,720575940614965691
aster,720575940623988733
aster,720575940619453831
Asteroid,720575940623697898
Asteroid,720575940614235323
Asteroid,720575940632835923
bamboo,720575940634333631
bamboo,720575940612107673
basket,720575940618299216
basket,720575940626922810
basket,720575940613043939
basket,720575940626412298
basket,720575940613950530
basket,720575940624005868
basket,720575940628134555
basket,720575940633611418
basket,720575940631177809
basket,720575940620183462
basket,720575940631416121
basket,720575940621614246
basket,720575940628069904
basket,720575940616287645
basket,720575940627565059
bluebell,720575940635166571
bluebell,720575940631168057
bobber,720575940621628582
box,720575940637849822
box,720575940633340953
bract,720575940626557442
bract,720575940645045527
bract,720575940627285267
bract,720575940610001220
bridle,720575940627293201
bridle,720575940637851069
bridle,720575940643847022
bridle,720575940638394446
brontosaraus,720575940627514627
brontosaraus,720575940609617614
brontosaraus,720575940628362058
brontosaraus,720575940638642547
brontosaraus,720575940609030776
brontosaraus,720575940632852124
brontosaraus,720575940636734382
brontosaraus,720575940636592270
brontosaraus,720575940626390018
brontosaraus,720575940627947772
brontosaraus,720575940619559838
brontosaraus,720575940621089741
broom,720575940624710653
broom,720575940612033253
buddy,720575940626961241
buddy,720575940618028125
buddy,720575940647010356
clavicle,720575940632648868
clavicle,720575940655014049
coy,720575940618156689
crab,720575940626140164
crab,720575940635206251
cradle,720575940620979638
cradle,720575940625716357
damsel,720575940623457535
damsel,720575940621583286
diatom,720575940626679317
diatom,720575940637107312
diatom,720575940641058523
diatom,720575940622198230
diatom,720575940627854595
diatom,720575940605699104
diatom,720575940638726717
diatom,720575940628527439
diatom,720575940627979782
diatom,720575940614897458
diatom,720575940617303857
diatom,720575940619697134
diatom,720575940621717025
diatom,720575940638280270
doublescoop,720575940623366538
doublescoop,720575940620506996
earmuff,720575940629013199
earmuff,720575940631448874
earmuff,720575940611411057
earmuff,720575940635642725
eiffel,720575940627327238
eiffel,720575940629468026
Fdg,720575940647030324
Fdg,720575940631997032
fluff,720575940637360730
fluff,720575940632134227
FMIn,720575940636675214
FMIn,720575940614763666
foxglove,720575940611160930
foxglove,720575940628755815
fudog,720575940632877869
fudog,720575940612648106
G2N_1,720575940623718380
G2N_1,720575940620874757
gallinule,720575940629663596
gallinule,720575940630620687
gallinule,720575940640464373
gallinule,720575940645859972
gallinule,720575940639485648
gallinule,720575940626519704
gallinule,720575940638597283
gallinule,720575940618926757
gallinule,720575940628046635
gallinule,720575940623301256
gazebo,720575940641282267
gazebo,720575940620287623
genie,720575940626179614
genie,720575940636029807
genie,720575940615323298
genie,720575940627366675
gnome,720575940648864633
gnome,720575940610232274
good_dog,720575940621326324
good_dog,720575940631740497
gumdrop,720575940631110095
gumdrop,720575940630697078
handle,720575940620527830
handle,720575940620879476
handle,720575940628306114
handle,720575940629592567
handup,720575940611697394
handup,720575940612206810
haystack,720575940619741104
haystack,720575940615071391
horntail,720575940631293202
horntail,720575940608451420
horseshoe,720575940604130481
horseshoe,720575940622028778
horseshoe,720575940603514141
horseshoe,720575940627498499
horseshoe,720575940621373278
horseshoe,720575940632012243
horseshoe,720575940630619719
horseshoe,720575940623600619
horseshoe,720575940620798284
horn,720575940630133110
horn,720575940621333509
horn,720575940604722278
hound,720575940630094652
hound,720575940628676457
hyacinth,720575940654057889
hyacinth,720575940623044103
hyacinth,720575940624532408
hyacinth,720575940626015640
hyacinth,720575940620096171
hyacinth,720575940630548751
justice,720575940614660519
justice,720575940635175007
kelp,720575940635239672
kelp,720575940622474899
kelp,720575940636895406
kelp,720575940612289010
kitty,720575940644669732
kitty,720575940610056772
kitty,720575940624987175
kitty,720575940627704392
knees,720575940627731176
knees,720575940609589443
kokopelli,720575940613761858
kokopelli,720575940634251164
landslide,720575940617563577
landslide,720575940634290913
lion,720575940621900981
lion,720575940630788882
mandala,720575940626548605
mandala,720575940639295696
mandala,720575940616648251
mandala,720575940632089887
mandala,720575940632316205
mandala,720575940636079502
mandala,720575940610390746
mandala,720575940651919094
mandala,720575940617437697
mandala,720575940625979650
marge,720575940620262465
marge,720575940610690372
meteor,720575940645474583
meteor,720575940635112544
mime,720575940627936515
mime,720575940637742150
mime,720575940624273149
mime,720575940634788247
mime,720575940638557312
mime,720575940613828202
mime,720575940622688765
mime,720575940614223154
mime,720575940621149709
mime,720575940630575943
mime,720575940637788137
mime,720575940624253991
mime,720575940634844408
mime,720575940629598935
mist,720575940646530612
mist,720575940637216624
moor,720575940635574958
moor,720575940611849826
mothership,720575940620714150
mothership,720575940644758308
mute,720575940630119532
mute,720575940616921629
nagini,720575940625870640
nagini,720575940627825923
nori,720575940616851030
nori,720575940630670454
nori,720575940630679801
oink,720575940616172033
oink,720575940633156799
oink,720575940616851030
oink,720575940635613358
oink,720575940630670454
oink,720575940626348106
oink,720575940630679801
oink,720575940613222195
oink,720575940626376600
OinkT,720575940622853258
OinkT,720575940631983464
OinkT,720575940604791217
OinkT,720575940640348149
OinkT,720575940613433519
OinkT,720575940639826339
oval,720575940621522352
oval,720575940626085562
peacock,720575940612030899
peacock,720575940623687757
peacock,720575940631237203
peacock,720575940618563664
peahen,720575940618118485
peahen,720575940613361010
peahen,720575940626983684
peahen,720575940617854676
peafowl,720575940619985243
peafowl,720575940622284947
phantom,720575940637763135
phantom,720575940616103218
planter,720575940617497437
planter,720575940628129129
pleco,720575940615583647
pleco,720575940611502286
pringle,720575940621218694
pringle,720575940611715813
pSG1,720575940610698931
pSG1,720575940620224532
pSG1,720575940630757516
pSG1,720575940629997050
pSG1,720575940620943365
pSG1,720575940621517481
puddle,720575940627739023
puddle,720575940616848214
rattle,720575940630461660
rattle,720575940638103349
rocket,720575940620916360
rocket,720575940611783410
rocket,720575940613735391
rocket,720575940639621760
rocket,720575940619196848
rocket,720575940629081175
rocket,720575940639107573
rocket,720575940637761213
rocket,720575940610322040
rocket,720575940629977192
rocket,720575940638604733
rocket,720575940620950554
rocket,720575940616455483
rocket,720575940635839845
rocket,720575940643253271
rocket,720575940638874064
rocket,720575940619462128
rocket,720575940619862720
rose,720575940624101524
roundup,720575940607272649
roundup,720575940623211725
ruby,720575940622168052
ruby,720575940608901897
Salivary_MN13,720575940619455879
Salivary_MN13,720575940618864725
seagull,720575940626278974
shark,720575940635776760
shark,720575940626770057
shark,720575940620182181
shark,720575940607641010
sink_sync,720575940622624214
sink_sync,720575940638001498
sink_sync,720575940628029180
sink_sync,720575940647560500
snake,720575940631643532
snake,720575940625815562
spray,720575940608402012
spray,720575940629210490
spirit,720575940621468404
spirit,720575940613461043
sullivan,720575940628590697
sullivan,720575940638663221
sundrop,720575940626086842
sundrop,720575940607014530
tentacular,720575940620673985
tentacular,720575940621399899
TH_VUM,720575940616857174
tinctoria,720575940619048827
tinctoria,720575940625875504
tinctoria,720575940630868793
tinctoria,720575940618165019
tophat,720575940622541005
tophat,720575940638865011
tophat,720575940620441024
tophat,720575940660281217
TPN4,720575940634147936
TPN4,720575940614238114
trident,720575940624163303
trogon,720575940631595603
trumpet,720575940645056791
trumpet,720575940628386295
tulip,720575940617755220
tulip,720575940620061793
tundra,720575940621573542
tundra,720575940621538142
turner,720575940629437378
turner,720575940610956334
twirl,720575940636034661
usnea,720575940641366517
usnea,720575940632648612
vice,720575940621431884
vice,720575940622392260
vice,720575940616623590
vice,720575940612879783
vice,720575940623252407
vice,720575940611156978
wafflecone,720575940624913959
wafflecone,720575940626075517
weaver,720575940616605441
weaver,720575940629460524
weaver,720575940628469508
weaver,720575940636887130
weaver,720575940633050524
weaver,720575940614728607
weaver,720575940612023922
weaver,720575940612938961
weaver,720575940625384323
weaver,720575940628330651
weaver,720575940619409135
weaver,720575940628546807
weaver,720575940613412002
web,720575940624038663
web,720575940627286088
web,720575940622500172
web,720575940632722636
web,720575940627087646
web,720575940624897516
whisker,720575940627429907
whisker,720575940627418387
